time,glucose_mgdl,carbs_g_per_min,exercise_percent,insulin_u_per_hr,bolus_u,agent_action,agent_allowed,safety_flags,trend,risk
2022-05-01T06:00:00.000Z,100,0,0,0.45,,no_action,true,,unknown,
2022-05-01T06:01:00.000Z,100,0,0,0.45,,no_action,true,,stable,
2022-05-01T06:02:00.000Z,100,0,0,0.45,,no_action,true,,stable,
2022-05-01T06:03:00.000Z,100,0,0,0.45,,no_action,true,,stable,
2022-05-01T06:04:00.000Z,100,0,0,0.45,,no_action,true,,stable,
2022-05-01T06:05:00.000Z,100,0,0,0.45,,no_action,true,,stable,
2022-05-01T06:06:00.000Z,100,0,0,0.45,,no_action,true,,stable,
2022-05-01T06:07:00.000Z,100,0,0,0.45,,no_action,true,,stable,
2022-05-01T06:08:00.000Z,100,0,0,0.45,,no_action,true,,stable,
2022-05-01T06:09:00.000Z,100,0,0,0.45,,no_action,true,,stable,
2022-05-01T06:10:00.000Z,100,0,0,0.45,,no_action,true,,stable,
2022-05-01T06:11:00.000Z,100,0,0,0.45,,no_action,true,,stable,
2022-05-01T06:12:00.000Z,100,0,0,0.45,,no_action,true,,stable,
2022-05-01T06:13:00.000Z,100,0,0,0.45,,no_action,true,,stable,
2022-05-01T06:14:00.000Z,100,0,0,0.45,,no_action,true,,stable,
2022-05-01T06:15:00.000Z,100,0,0,0.45,,no_action,true,,stable,
2022-05-01T06:16:00.000Z,100,0,0,0.45,,no_action,true,,stable,
2022-05-01T06:17:00.000Z,100,0,0,0.45,,no_action,true,,stable,
2022-05-01T06:18:00.000Z,100,0,0,0.45,,no_action,true,,stable,
2022-05-01T06:19:00.000Z,100,0,0,0.45,,no_action,true,,stable,
2022-05-01T06:20:00.000Z,100,0,0,0.45,,no_action,true,,stable,
2022-05-01T06:21:00.000Z,100,0,0,0.45,,no_action,true,,stable,
2022-05-01T06:22:00.000Z,100,0,0,0.45,,no_action,true,,stable,
2022-05-01T06:23:00.000Z,100,0,0,0.45,,no_action,true,,stable,
2022-05-01T06:24:00.000Z,100,0,0,0.45,,no_action,true,,stable,
2022-05-01T06:25:00.000Z,100,0,0,0.45,,no_action,true,,stable,
2022-05-01T06:26:00.000Z,100,0,0,0.45,,no_action,true,,stable,
2022-05-01T06:27:00.000Z,100,0,0,0.45,,no_action,true,,stable,
2022-05-01T06:28:00.000Z,100,0,0,0.45,,no_action,true,,stable,
2022-05-01T06:29:00.000Z,100,0,0,0.45,,no_action,true,,stable,
2022-05-01T06:30:00.000Z,100,0,0,0.45,,no_action,true,,stable,
2022-05-01T06:31:00.000Z,100,0,0,0.45,,no_action,true,,stable,
2022-05-01T06:32:00.000Z,100,0,0,0.45,,no_action,true,,stable,
2022-05-01T06:33:00.000Z,100,0,0,0.45,,no_action,true,,stable,
2022-05-01T06:34:00.000Z,100,0,0,0.45,,no_action,true,,stable,
2022-05-01T06:35:00.000Z,100,0,0,0.45,,no_action,true,,stable,
2022-05-01T06:36:00.000Z,100,0,0,0.45,,no_action,true,,stable,
2022-05-01T06:37:00.000Z,100,0,0,0.45,,no_action,true,,stable,
2022-05-01T06:38:00.000Z,100,0,0,0.45,,no_action,true,,stable,
2022-05-01T06:39:00.000Z,100,0,0,0.45,,no_action,true,,stable,
2022-05-01T06:40:00.000Z,100,0,0,0.45,,no_action,true,,stable,
2022-05-01T06:41:00.000Z,100,0,0,0.45,,no_action,true,,stable,
2022-05-01T06:42:00.000Z,100,0,0,0.45,,no_action,true,,stable,
2022-05-01T06:43:00.000Z,100,0,0,0.45,,no_action,true,,stable,
2022-05-01T06:44:00.000Z,100.01,0,0,0.45,,no_action,true,,stable,
2022-05-01T06:45:00.000Z,100.01,0,0,0.45,,no_action,true,,stable,
2022-05-01T06:46:00.000Z,100.01,0,0,0.45,,no_action,true,,stable,
2022-05-01T06:47:00.000Z,100.01,0,0,0.45,,no_action,true,,stable,
2022-05-01T06:48:00.000Z,100.01,0,0,0.45,,no_action,true,,stable,
2022-05-01T06:49:00.000Z,100.01,0,0,0.45,,no_action,true,,stable,
2022-05-01T06:50:00.000Z,100.01,0,0,0.45,,no_action,true,,stable,
2022-05-01T06:51:00.000Z,100.01,0,0,0.45,,no_action,true,,stable,
2022-05-01T06:52:00.000Z,100.01,0,0,0.45,,no_action,true,,stable,
2022-05-01T06:53:00.000Z,100.01,0,0,0.45,,no_action,true,,stable,
2022-05-01T06:54:00.000Z,100.01,0,0,0.45,,no_action,true,,stable,
2022-05-01T06:55:00.000Z,100.01,0,0,0.45,,no_action,true,,stable,
2022-05-01T06:56:00.000Z,100.02,0,0,0.45,,no_action,true,,stable,
2022-05-01T06:57:00.000Z,100.02,0,0,0.45,,no_action,true,,stable,
2022-05-01T06:58:00.000Z,100.02,0,0,0.45,,no_action,true,,stable,
2022-05-01T06:59:00.000Z,100.02,0,0,0.45,,no_action,true,,stable,
2022-05-01T07:00:00.000Z,100.02,0,0,0.45,,no_action,true,,stable,
2022-05-01T07:01:00.000Z,100.02,0,0,0.45,,no_action,true,,stable,
2022-05-01T07:02:00.000Z,100.02,0,0,0.45,,no_action,true,,stable,
2022-05-01T07:03:00.000Z,100.02,0,0,0.45,,no_action,true,,stable,
2022-05-01T07:04:00.000Z,100.03,0,0,0.45,,no_action,true,,stable,
2022-05-01T07:05:00.000Z,100.03,0,0,0.45,,no_action,true,,stable,
2022-05-01T07:06:00.000Z,100.03,0,0,0.45,,no_action,true,,stable,
2022-05-01T07:07:00.000Z,100.03,0,0,0.45,,no_action,true,,stable,
2022-05-01T07:08:00.000Z,100.03,0,0,0.45,,no_action,true,,stable,
2022-05-01T07:09:00.000Z,100.04,0,0,0.45,,no_action,true,,stable,
2022-05-01T07:10:00.000Z,100.04,0,0,0.45,,no_action,true,,stable,
2022-05-01T07:11:00.000Z,100.04,0,0,0.45,,no_action,true,,stable,
2022-05-01T07:12:00.000Z,100.04,0,0,0.45,,no_action,true,,stable,
2022-05-01T07:13:00.000Z,100.04,0,0,0.45,,no_action,true,,stable,
2022-05-01T07:14:00.000Z,100.05,0,0,0.45,,no_action,true,,stable,
2022-05-01T07:15:00.000Z,100.05,0,0,0.45,,no_action,true,,stable,
2022-05-01T07:16:00.000Z,100.05,0,0,0.45,,no_action,true,,stable,
2022-05-01T07:17:00.000Z,100.05,0,0,0.45,,no_action,true,,stable,
2022-05-01T07:18:00.000Z,100.06,0,0,0.45,,no_action,true,,stable,
2022-05-01T07:19:00.000Z,100.06,0,0,0.45,,no_action,true,,stable,
2022-05-01T07:20:00.000Z,100.06,0,0,0.45,,no_action,true,,stable,
2022-05-01T07:21:00.000Z,100.07,0,0,0.45,,no_action,true,,stable,
2022-05-01T07:22:00.000Z,100.07,0,0,0.45,,no_action,true,,stable,
2022-05-01T07:23:00.000Z,100.07,0,0,0.45,,no_action,true,,stable,
2022-05-01T07:24:00.000Z,100.08,0,0,0.45,,no_action,true,,stable,
2022-05-01T07:25:00.000Z,100.08,0,0,0.45,,no_action,true,,stable,
2022-05-01T07:26:00.000Z,100.08,0,0,0.45,,no_action,true,,stable,
2022-05-01T07:27:00.000Z,100.09,0,0,0.45,,no_action,true,,stable,
2022-05-01T07:28:00.000Z,100.09,0,0,0.45,,no_action,true,,stable,
2022-05-01T07:29:00.000Z,100.09,0,0,0.45,,no_action,true,,stable,
2022-05-01T07:30:00.000Z,100.1,0,0,0.45,,no_action,true,,stable,
2022-05-01T07:31:00.000Z,100.1,0,0,0.45,,no_action,true,,stable,
2022-05-01T07:32:00.000Z,100.11,0,0,0.45,,no_action,true,,stable,
2022-05-01T07:33:00.000Z,100.11,0,0,0.45,,no_action,true,,stable,
2022-05-01T07:34:00.000Z,100.11,0,0,0.45,,no_action,true,,stable,
2022-05-01T07:35:00.000Z,100.12,0,0,0.45,,no_action,true,,stable,
2022-05-01T07:36:00.000Z,100.12,0,0,0.45,,no_action,true,,stable,
2022-05-01T07:37:00.000Z,100.13,0,0,0.45,,no_action,true,,stable,
2022-05-01T07:38:00.000Z,100.13,0,0,0.45,,no_action,true,,stable,
2022-05-01T07:39:00.000Z,100.14,0,0,0.45,,no_action,true,,stable,
2022-05-01T07:40:00.000Z,100.14,0,0,0.45,,no_action,true,,stable,
2022-05-01T07:41:00.000Z,100.15,0,0,0.45,,no_action,true,,stable,
2022-05-01T07:42:00.000Z,100.15,0,0,0.45,,no_action,true,,stable,
2022-05-01T07:43:00.000Z,100.16,0,0,0.45,,no_action,true,,stable,
2022-05-01T07:44:00.000Z,100.16,0,0,0.45,,no_action,true,,stable,
2022-05-01T07:45:00.000Z,100.17,0,0,183.45,3.0500000000000003,suggest_bolus,true,,stable,
2022-05-01T07:46:00.000Z,100.18,0,0,0.45,,no_action,true,,stable,
2022-05-01T07:47:00.000Z,100.18,0,0,0.45,,no_action,true,,stable,
2022-05-01T07:48:00.000Z,100.19,0,0,0.45,,no_action,true,,stable,
2022-05-01T07:49:00.000Z,100.19,0,0,0.45,,no_action,true,,stable,
2022-05-01T07:50:00.000Z,100.2,0,0,0.45,,no_action,true,,stable,
2022-05-01T07:51:00.000Z,100.21,0,0,0.45,,no_action,true,,stable,
2022-05-01T07:52:00.000Z,100.21,0,0,0.45,,no_action,true,,stable,
2022-05-01T07:53:00.000Z,100.22,0,0,0.45,,no_action,true,,stable,
2022-05-01T07:54:00.000Z,100.22,0,0,0.45,,no_action,true,,stable,
2022-05-01T07:55:00.000Z,100.22,0,0,0.45,,no_action,true,,stable,
2022-05-01T07:56:00.000Z,100.23,0,0,0.45,,no_action,true,,stable,
2022-05-01T07:57:00.000Z,100.23,0,0,0.45,,no_action,true,,stable,
2022-05-01T07:58:00.000Z,100.23,0,0,0.45,,no_action,true,,stable,
2022-05-01T07:59:00.000Z,100.23,0,0,0.45,,no_action,true,,stable,
2022-05-01T08:00:00.000Z,100.23,1.222,0,0.45,,no_action,true,,stable,
2022-05-01T08:01:00.000Z,100.23,1.222,0,0.45,,no_action,true,,stable,
2022-05-01T08:02:00.000Z,100.23,1.222,0,0.45,,no_action,true,,stable,
2022-05-01T08:03:00.000Z,100.23,1.222,0,0.45,,no_action,true,,stable,
2022-05-01T08:04:00.000Z,100.24,1.222,0,0.45,,no_action,true,,stable,
2022-05-01T08:05:00.000Z,100.26,1.222,0,0.45,,no_action,true,,stable,
2022-05-01T08:06:00.000Z,100.28,1.222,0,0.45,,no_action,true,,stable,
2022-05-01T08:07:00.000Z,100.32,1.222,0,0.45,,no_action,true,,stable,
2022-05-01T08:08:00.000Z,100.37,1.222,0,0.45,,no_action,true,,stable,
2022-05-01T08:09:00.000Z,100.43,1.222,0,0.45,,no_action,true,,stable,
2022-05-01T08:10:00.000Z,100.52,1.222,0,0.45,,no_action,true,,stable,
2022-05-01T08:11:00.000Z,100.61,1.222,0,0.45,,no_action,true,,stable,
2022-05-01T08:12:00.000Z,100.73,1.222,0,0.45,,no_action,true,,stable,
2022-05-01T08:13:00.000Z,100.86,1.222,0,0.45,,no_action,true,,stable,
2022-05-01T08:14:00.000Z,101.02,1.222,0,0.45,,no_action,true,,stable,
2022-05-01T08:15:00.000Z,101.2,1.222,0,0.45,,no_action,true,,stable,
2022-05-01T08:16:00.000Z,101.4,1.222,0,0.45,,no_action,true,,stable,
2022-05-01T08:17:00.000Z,101.63,1.222,0,0.45,,no_action,true,,stable,
2022-05-01T08:18:00.000Z,101.88,1.222,0,0.45,,no_action,true,,stable,
2022-05-01T08:19:00.000Z,102.16,1.222,0,0.45,,no_action,true,,stable,
2022-05-01T08:20:00.000Z,102.46,1.222,0,0.45,,no_action,true,,stable,
2022-05-01T08:21:00.000Z,102.79,1.222,0,0.45,,no_action,true,,stable,
2022-05-01T08:22:00.000Z,103.15,1.222,0,0.45,,no_action,true,,stable,
2022-05-01T08:23:00.000Z,103.54,1.222,0,0.45,,no_action,true,,stable,
2022-05-01T08:24:00.000Z,103.96,1.222,0,0.45,,no_action,true,,stable,
2022-05-01T08:25:00.000Z,104.41,1.222,0,0.45,,no_action,true,,stable,
2022-05-01T08:26:00.000Z,104.89,1.222,0,0.45,,no_action,true,,stable,
2022-05-01T08:27:00.000Z,105.4,1.222,0,0.45,,no_action,true,,stable,
2022-05-01T08:28:00.000Z,105.94,1.222,0,0.45,,no_action,true,,stable,
2022-05-01T08:29:00.000Z,106.52,1.222,0,0.45,,no_action,true,,stable,
2022-05-01T08:30:00.000Z,107.12,1.222,0,0.45,,no_action,true,,stable,
2022-05-01T08:31:00.000Z,107.76,1.222,0,0.45,,no_action,true,,stable,
2022-05-01T08:32:00.000Z,108.44,1.222,0,0.45,,no_action,true,,stable,
2022-05-01T08:33:00.000Z,109.14,1.222,0,0.45,,no_action,true,,stable,
2022-05-01T08:34:00.000Z,109.88,1.222,0,0.45,,no_action,true,,stable,
2022-05-01T08:35:00.000Z,110.65,1.222,0,0.45,,no_action,true,,stable,
2022-05-01T08:36:00.000Z,111.46,1.222,0,0.45,,no_action,true,,stable,
2022-05-01T08:37:00.000Z,112.3,1.222,0,0.45,,no_action,true,,stable,
2022-05-01T08:38:00.000Z,113.17,1.222,0,0.45,,no_action,true,,stable,
2022-05-01T08:39:00.000Z,114.08,1.222,0,0.45,,no_action,true,,stable,
2022-05-01T08:40:00.000Z,115.02,1.222,0,0.45,,no_action,true,,stable,
2022-05-01T08:41:00.000Z,116,1.222,0,0.45,,no_action,true,,stable,
2022-05-01T08:42:00.000Z,117.01,1.222,0,0.45,,no_action,true,,stable,
2022-05-01T08:43:00.000Z,118.05,1.222,0,0.45,,no_action,true,,stable,
2022-05-01T08:44:00.000Z,119.13,1.222,0,0.45,,no_action,true,,stable,
2022-05-01T08:45:00.000Z,120.23,0,0,0.45,,no_action,true,,stable,
2022-05-01T08:46:00.000Z,121.38,0,0,0.45,,no_action,true,,stable,
2022-05-01T08:47:00.000Z,122.55,0,0,0.45,,no_action,true,,stable,
2022-05-01T08:48:00.000Z,123.75,0,0,0.45,,no_action,true,,stable,
2022-05-01T08:49:00.000Z,124.97,0,0,0.45,,no_action,true,,stable,
2022-05-01T08:50:00.000Z,126.22,0,0,0.45,,no_action,true,,stable,
2022-05-01T08:51:00.000Z,127.48,0,0,0.45,,no_action,true,,stable,
2022-05-01T08:52:00.000Z,128.76,0,0,0.45,,no_action,true,,stable,
2022-05-01T08:53:00.000Z,130.06,0,0,0.45,,no_action,true,,stable,
2022-05-01T08:54:00.000Z,131.38,0,0,0.45,,no_action,true,,stable,
2022-05-01T08:55:00.000Z,132.7,0,0,0.45,,no_action,true,,stable,
2022-05-01T08:56:00.000Z,134.04,0,0,0.45,,no_action,true,,stable,
2022-05-01T08:57:00.000Z,135.38,0,0,0.45,,no_action,true,,stable,
2022-05-01T08:58:00.000Z,136.73,0,0,0.45,,no_action,true,,stable,
2022-05-01T08:59:00.000Z,138.09,0,0,0.45,,no_action,true,,stable,
2022-05-01T09:00:00.000Z,139.45,0,0,0.45,,no_action,true,,rising,
2022-05-01T09:01:00.000Z,140.81,0,0,0.45,,no_action,true,,rising,
2022-05-01T09:02:00.000Z,142.17,0,0,0.45,,no_action,true,,rising,
2022-05-01T09:03:00.000Z,143.53,0,0,0.45,,no_action,true,,rising,
2022-05-01T09:04:00.000Z,144.89,0,0,0.45,,no_action,true,,rising,
2022-05-01T09:05:00.000Z,146.24,0,0,0.45,,no_action,true,,rising,
2022-05-01T09:06:00.000Z,147.59,0,0,0.45,,no_action,true,,rising,
2022-05-01T09:07:00.000Z,148.93,0,0,0.45,,no_action,true,,rising,
2022-05-01T09:08:00.000Z,150.27,0,0,0.45,,no_action,true,,rising,
2022-05-01T09:09:00.000Z,151.6,0,0,0.45,,no_action,true,,rising,
2022-05-01T09:10:00.000Z,152.92,0,0,0.45,,no_action,true,,rising,
2022-05-01T09:11:00.000Z,154.22,0,0,0.45,,no_action,true,,rising,
2022-05-01T09:12:00.000Z,155.52,0,0,0.45,,no_action,true,,rising,
2022-05-01T09:13:00.000Z,156.81,0,0,0.45,,no_action,true,,rising,
2022-05-01T09:14:00.000Z,158.08,0,0,0.45,,no_action,true,,rising,
2022-05-01T09:15:00.000Z,159.33,0,0,0.45,,no_action,true,,rising,
2022-05-01T09:16:00.000Z,160.58,0,0,0.45,,no_action,true,,rising,
2022-05-01T09:17:00.000Z,161.8,0,0,0.45,,no_action,true,,rising,
2022-05-01T09:18:00.000Z,163.02,0,0,0.45,,no_action,true,,rising,
2022-05-01T09:19:00.000Z,164.21,0,0,0.45,,no_action,true,,rising,
2022-05-01T09:20:00.000Z,165.39,0,0,0.45,,no_action,true,,rising,
2022-05-01T09:21:00.000Z,166.55,0,0,0.45,,no_action,true,,rising,
2022-05-01T09:22:00.000Z,167.69,0,0,0.45,,no_action,true,,rising,
2022-05-01T09:23:00.000Z,168.82,0,0,0.45,,no_action,true,,rising,
2022-05-01T09:24:00.000Z,169.92,0,0,0.45,,no_action,true,,rising,
2022-05-01T09:25:00.000Z,171.01,0,0,0.45,,no_action,true,,rising,
2022-05-01T09:26:00.000Z,172.07,0,0,0.45,,no_action,true,,rising,
2022-05-01T09:27:00.000Z,173.12,0,0,0.45,,no_action,true,,rising,
2022-05-01T09:28:00.000Z,174.14,0,0,0.45,,no_action,true,,rising,
2022-05-01T09:29:00.000Z,175.15,0,0,0.45,,no_action,true,,rising,
2022-05-01T09:30:00.000Z,176.13,0,0,0.45,,no_action,true,,rising,
2022-05-01T09:31:00.000Z,177.09,0,0,0.45,,no_action,true,,rising,
2022-05-01T09:32:00.000Z,178.03,0,0,0.45,,no_action,true,,rising,
2022-05-01T09:33:00.000Z,178.95,0,0,0.45,,no_action,true,,rising,
2022-05-01T09:34:00.000Z,179.84,0,0,0.45,,no_action,true,,rising,
2022-05-01T09:35:00.000Z,180.72,0,0,0.45,,no_action,true,,rising,high glucose
2022-05-01T09:36:00.000Z,181.57,0,0,0.45,,no_action,true,,rising,high glucose
2022-05-01T09:37:00.000Z,182.4,0,0,0.45,,no_action,true,,rising,high glucose
2022-05-01T09:38:00.000Z,183.21,0,0,0.45,,no_action,true,,rising,high glucose
2022-05-01T09:39:00.000Z,184,0,0,0.45,,no_action,true,,rising,high glucose
2022-05-01T09:40:00.000Z,184.76,0,0,0.45,,no_action,true,,rising,high glucose
2022-05-01T09:41:00.000Z,185.5,0,0,0.45,,no_action,true,,rising,high glucose
2022-05-01T09:42:00.000Z,186.22,0,0,0.45,,no_action,true,,rising,high glucose
2022-05-01T09:43:00.000Z,186.92,0,0,0.45,,no_action,true,,rising,high glucose
2022-05-01T09:44:00.000Z,187.6,0,0,0.45,,no_action,true,,rising,high glucose
2022-05-01T09:45:00.000Z,188.25,0,0,0.45,,no_action,true,,stable,high glucose
2022-05-01T09:46:00.000Z,188.88,0,0,0.45,,no_action,true,,stable,high glucose
2022-05-01T09:47:00.000Z,189.49,0,0,0.45,,no_action,true,,stable,high glucose
2022-05-01T09:48:00.000Z,190.08,0,0,0.45,,no_action,true,,stable,high glucose
2022-05-01T09:49:00.000Z,190.65,0,0,0.45,,no_action,true,,stable,high glucose
2022-05-01T09:50:00.000Z,191.2,0,0,0.45,,no_action,true,,stable,high glucose
2022-05-01T09:51:00.000Z,191.72,0,0,0.45,,no_action,true,,stable,high glucose
2022-05-01T09:52:00.000Z,192.22,0,0,0.45,,no_action,true,,stable,high glucose
2022-05-01T09:53:00.000Z,192.71,0,0,0.45,,no_action,true,,stable,high glucose
2022-05-01T09:54:00.000Z,193.17,0,0,0.45,,no_action,true,,stable,high glucose
2022-05-01T09:55:00.000Z,193.61,0,0,0.45,,no_action,true,,stable,high glucose
2022-05-01T09:56:00.000Z,194.03,0,0,0.45,,no_action,true,,stable,high glucose
2022-05-01T09:57:00.000Z,194.43,0,0,0.45,,no_action,true,,stable,high glucose
2022-05-01T09:58:00.000Z,194.81,0,0,0.45,,no_action,true,,stable,high glucose
2022-05-01T09:59:00.000Z,195.17,0,0,0.45,,no_action,true,,stable,high glucose
2022-05-01T10:00:00.000Z,195.51,0,0,0.45,,no_action,true,,stable,high glucose
2022-05-01T10:01:00.000Z,195.84,0,0,0.45,,no_action,true,,stable,high glucose
2022-05-01T10:02:00.000Z,196.14,0,0,0.45,,no_action,true,,stable,high glucose
2022-05-01T10:03:00.000Z,196.42,0,0,0.45,,no_action,true,,stable,high glucose
2022-05-01T10:04:00.000Z,196.69,0,0,0.45,,no_action,true,,stable,high glucose
2022-05-01T10:05:00.000Z,196.94,0,0,0.45,,no_action,true,,stable,high glucose
2022-05-01T10:06:00.000Z,197.17,0,0,0.45,,no_action,true,,stable,high glucose
2022-05-01T10:07:00.000Z,197.38,0,0,0.45,,no_action,true,,stable,high glucose
2022-05-01T10:08:00.000Z,197.57,0,0,0.45,,no_action,true,,stable,high glucose
2022-05-01T10:09:00.000Z,197.75,0,0,0.45,,no_action,true,,stable,high glucose
2022-05-01T10:10:00.000Z,197.91,0,0,0.45,,no_action,true,,stable,high glucose
2022-05-01T10:11:00.000Z,198.05,0,0,0.45,,no_action,true,,stable,high glucose
2022-05-01T10:12:00.000Z,198.18,0,0,0.45,,no_action,true,,stable,high glucose
2022-05-01T10:13:00.000Z,198.29,0,0,0.45,,no_action,true,,stable,high glucose
2022-05-01T10:14:00.000Z,198.38,0,0,0.45,,no_action,true,,stable,high glucose
2022-05-01T10:15:00.000Z,198.46,0,0,0.45,,no_action,true,,stable,high glucose
2022-05-01T10:16:00.000Z,198.53,0,0,0.45,,no_action,true,,stable,high glucose
2022-05-01T10:17:00.000Z,198.58,0,0,0.45,,no_action,true,,stable,high glucose
2022-05-01T10:18:00.000Z,198.61,0,0,0.45,,no_action,true,,stable,high glucose
2022-05-01T10:19:00.000Z,198.63,0,0,0.45,,no_action,true,,stable,high glucose
2022-05-01T10:20:00.000Z,198.63,0,0,0.45,,no_action,true,,stable,high glucose
2022-05-01T10:21:00.000Z,198.63,0,0,0.45,,no_action,true,,stable,high glucose
2022-05-01T10:22:00.000Z,198.6,0,0,0.45,,no_action,true,,stable,high glucose
2022-05-01T10:23:00.000Z,198.57,0,0,0.45,,no_action,true,,stable,high glucose
2022-05-01T10:24:00.000Z,198.52,0,0,0.45,,no_action,true,,stable,high glucose
2022-05-01T10:25:00.000Z,198.46,0,0,0.45,,no_action,true,,stable,high glucose
2022-05-01T10:26:00.000Z,198.38,0,0,0.45,,no_action,true,,stable,high glucose
2022-05-01T10:27:00.000Z,198.29,0,0,0.45,,no_action,true,,stable,high glucose
2022-05-01T10:28:00.000Z,198.19,0,0,0.45,,no_action,true,,stable,high glucose
2022-05-01T10:29:00.000Z,198.08,0,0,0.45,,no_action,true,,stable,high glucose
2022-05-01T10:30:00.000Z,197.96,0,0,0.45,,no_action,true,,stable,high glucose
2022-05-01T10:31:00.000Z,197.83,0,0,0.45,,no_action,true,,stable,high glucose
2022-05-01T10:32:00.000Z,197.68,0,0,0.45,,no_action,true,,stable,high glucose
2022-05-01T10:33:00.000Z,197.52,0,0,0.45,,no_action,true,,stable,high glucose
2022-05-01T10:34:00.000Z,197.36,0,0,0.45,,no_action,true,,stable,high glucose
2022-05-01T10:35:00.000Z,197.18,0,0,0.45,,no_action,true,,stable,high glucose
2022-05-01T10:36:00.000Z,196.99,0,0,0.45,,no_action,true,,stable,high glucose
2022-05-01T10:37:00.000Z,196.8,0,0,0.45,,no_action,true,,stable,high glucose
2022-05-01T10:38:00.000Z,196.59,0,0,0.45,,no_action,true,,stable,high glucose
2022-05-01T10:39:00.000Z,196.38,0,0,0.45,,no_action,true,,stable,high glucose
2022-05-01T10:40:00.000Z,196.15,0,0,0.45,,no_action,true,,stable,high glucose
2022-05-01T10:41:00.000Z,195.92,0,0,0.45,,no_action,true,,stable,high glucose
2022-05-01T10:42:00.000Z,195.67,0,0,0.45,,no_action,true,,stable,high glucose
2022-05-01T10:43:00.000Z,195.42,0,0,0.45,,no_action,true,,stable,high glucose
2022-05-01T10:44:00.000Z,195.16,0,0,0.45,,no_action,true,,stable,high glucose
2022-05-01T10:45:00.000Z,194.9,0,0,0.45,,no_action,true,,stable,high glucose
2022-05-01T10:46:00.000Z,194.62,0,0,0.45,,no_action,true,,stable,high glucose
2022-05-01T10:47:00.000Z,194.34,0,0,0.45,,no_action,true,,stable,high glucose
2022-05-01T10:48:00.000Z,194.05,0,0,0.45,,no_action,true,,stable,high glucose
2022-05-01T10:49:00.000Z,193.75,0,0,0.45,,no_action,true,,stable,high glucose
2022-05-01T10:50:00.000Z,193.45,0,0,0.45,,no_action,true,,stable,high glucose
2022-05-01T10:51:00.000Z,193.14,0,0,0.45,,no_action,true,,stable,high glucose
2022-05-01T10:52:00.000Z,192.82,0,0,0.45,,no_action,true,,stable,high glucose
2022-05-01T10:53:00.000Z,192.5,0,0,0.45,,no_action,true,,stable,high glucose
2022-05-01T10:54:00.000Z,192.17,0,0,0.45,,no_action,true,,stable,high glucose
2022-05-01T10:55:00.000Z,191.84,0,0,0.45,,no_action,true,,stable,high glucose
2022-05-01T10:56:00.000Z,191.5,0,0,0.45,,no_action,true,,stable,high glucose
2022-05-01T10:57:00.000Z,191.15,0,0,0.45,,no_action,true,,stable,high glucose
2022-05-01T10:58:00.000Z,190.8,0,0,0.45,,no_action,true,,stable,high glucose
2022-05-01T10:59:00.000Z,190.44,0,0,0.45,,no_action,true,,stable,high glucose
2022-05-01T11:00:00.000Z,190.08,0,0,0.45,,no_action,true,,stable,high glucose
2022-05-01T11:01:00.000Z,189.71,0,0,0.45,,no_action,true,,stable,high glucose
2022-05-01T11:02:00.000Z,189.34,0,0,0.45,,no_action,true,,stable,high glucose
2022-05-01T11:03:00.000Z,188.97,0,0,0.45,,no_action,true,,stable,high glucose
2022-05-01T11:04:00.000Z,188.59,0,0,0.45,,no_action,true,,stable,high glucose
2022-05-01T11:05:00.000Z,188.2,0,0,0.45,,no_action,true,,stable,high glucose
2022-05-01T11:06:00.000Z,187.81,0,0,0.45,,no_action,true,,stable,high glucose
2022-05-01T11:07:00.000Z,187.42,0,0,0.45,,no_action,true,,stable,high glucose
2022-05-01T11:08:00.000Z,187.02,0,0,0.45,,no_action,true,,stable,high glucose
2022-05-01T11:09:00.000Z,186.63,0,0,0.45,,no_action,true,,stable,high glucose
2022-05-01T11:10:00.000Z,186.22,0,0,0.45,,no_action,true,,stable,high glucose
2022-05-01T11:11:00.000Z,185.82,0,0,0.45,,no_action,true,,stable,high glucose
2022-05-01T11:12:00.000Z,185.41,0,0,0.45,,no_action,true,,stable,high glucose
2022-05-01T11:13:00.000Z,185,0,0,0.45,,no_action,true,,stable,high glucose
2022-05-01T11:14:00.000Z,184.58,0,0,0.45,,no_action,true,,stable,high glucose
2022-05-01T11:15:00.000Z,184.16,0,0,0.45,,no_action,true,,stable,high glucose
2022-05-01T11:16:00.000Z,183.74,0,0,0.45,,no_action,true,,stable,high glucose
2022-05-01T11:17:00.000Z,183.32,0,0,0.45,,no_action,true,,stable,high glucose
2022-05-01T11:18:00.000Z,182.89,0,0,0.45,,no_action,true,,stable,high glucose
2022-05-01T11:19:00.000Z,182.47,0,0,0.45,,no_action,true,,stable,high glucose
2022-05-01T11:20:00.000Z,182.04,0,0,0.45,,no_action,true,,stable,high glucose
2022-05-01T11:21:00.000Z,181.61,0,0,0.45,,no_action,true,,stable,high glucose
2022-05-01T11:22:00.000Z,181.17,0,0,0.45,,no_action,true,,stable,high glucose
2022-05-01T11:23:00.000Z,180.74,0,0,0.45,,no_action,true,,stable,high glucose
2022-05-01T11:24:00.000Z,180.3,0,0,0.45,,no_action,true,,stable,high glucose
2022-05-01T11:25:00.000Z,179.86,0,0,0.45,,no_action,true,,stable,
2022-05-01T11:26:00.000Z,179.42,0,0,0.45,,no_action,true,,stable,
2022-05-01T11:27:00.000Z,178.98,0,0,0.45,,no_action,true,,stable,
2022-05-01T11:28:00.000Z,178.54,0,0,0.45,,no_action,true,,stable,
2022-05-01T11:29:00.000Z,178.1,0,0,0.45,,no_action,true,,stable,
2022-05-01T11:30:00.000Z,177.65,0,0,0.45,,no_action,true,,stable,
2022-05-01T11:31:00.000Z,177.21,0,0,0.45,,no_action,true,,stable,
2022-05-01T11:32:00.000Z,176.76,0,0,0.45,,no_action,true,,stable,
2022-05-01T11:33:00.000Z,176.32,0,0,0.45,,no_action,true,,stable,
2022-05-01T11:34:00.000Z,175.87,0,0,0.45,,no_action,true,,stable,
2022-05-01T11:35:00.000Z,175.42,0,0,0.45,,no_action,true,,stable,
2022-05-01T11:36:00.000Z,174.97,0,0,0.45,,no_action,true,,stable,
2022-05-01T11:37:00.000Z,174.52,0,0,0.45,,no_action,true,,stable,
2022-05-01T11:38:00.000Z,174.08,0,0,0.45,,no_action,true,,stable,
2022-05-01T11:39:00.000Z,173.63,0,0,0.45,,no_action,true,,stable,
2022-05-01T11:40:00.000Z,173.18,0,0,0.45,,no_action,true,,stable,
2022-05-01T11:41:00.000Z,172.73,0,0,0.45,,no_action,true,,stable,
2022-05-01T11:42:00.000Z,172.28,0,0,0.45,,no_action,true,,stable,
2022-05-01T11:43:00.000Z,171.83,0,0,0.45,,no_action,true,,stable,
2022-05-01T11:44:00.000Z,171.38,0,0,0.45,,no_action,true,,stable,
2022-05-01T11:45:00.000Z,170.93,0,0,0.45,,no_action,true,,stable,
2022-05-01T11:46:00.000Z,170.48,0,0,0.45,,no_action,true,,stable,
2022-05-01T11:47:00.000Z,170.03,0,0,0.45,,no_action,true,,stable,
2022-05-01T11:48:00.000Z,169.58,0,0,0.45,,no_action,true,,stable,
2022-05-01T11:49:00.000Z,169.14,0,0,0.45,,no_action,true,,stable,
2022-05-01T11:50:00.000Z,168.69,0,0,0.45,,no_action,true,,stable,
2022-05-01T11:51:00.000Z,168.24,0,0,0.45,,no_action,true,,stable,
2022-05-01T11:52:00.000Z,167.8,0,0,0.45,,no_action,true,,stable,
2022-05-01T11:53:00.000Z,167.35,0,0,0.45,,no_action,true,,stable,
2022-05-01T11:54:00.000Z,166.91,0,0,0.45,,no_action,true,,stable,
2022-05-01T11:55:00.000Z,166.46,0,0,0.45,,no_action,true,,stable,
2022-05-01T11:56:00.000Z,166.02,0,0,0.45,,no_action,true,,stable,
2022-05-01T11:57:00.000Z,165.58,0,0,0.45,,no_action,true,,stable,
2022-05-01T11:58:00.000Z,165.13,0,0,0.45,,no_action,true,,stable,
2022-05-01T11:59:00.000Z,164.69,0,0,0.45,,no_action,true,,stable,
2022-05-01T12:00:00.000Z,164.25,0,0,0.45,,no_action,true,,stable,
2022-05-01T12:01:00.000Z,163.82,0,0,0.45,,no_action,true,,stable,
2022-05-01T12:02:00.000Z,163.38,0,0,0.45,,no_action,true,,stable,
2022-05-01T12:03:00.000Z,162.94,0,0,0.45,,no_action,true,,stable,
2022-05-01T12:04:00.000Z,162.51,0,0,0.45,,no_action,true,,stable,
2022-05-01T12:05:00.000Z,162.07,0,0,0.45,,no_action,true,,stable,
2022-05-01T12:06:00.000Z,161.64,0,0,0.45,,no_action,true,,stable,
2022-05-01T12:07:00.000Z,161.21,0,0,0.45,,no_action,true,,stable,
2022-05-01T12:08:00.000Z,160.78,0,0,0.45,,no_action,true,,stable,
2022-05-01T12:09:00.000Z,160.35,0,0,0.45,,no_action,true,,stable,
2022-05-01T12:10:00.000Z,159.92,0,0,0.45,,no_action,true,,stable,
2022-05-01T12:11:00.000Z,159.5,0,0,0.45,,no_action,true,,stable,
2022-05-01T12:12:00.000Z,159.07,0,0,0.45,,no_action,true,,stable,
2022-05-01T12:13:00.000Z,158.65,0,0,0.45,,no_action,true,,stable,
2022-05-01T12:14:00.000Z,158.23,0,0,0.45,,no_action,true,,stable,
2022-05-01T12:15:00.000Z,157.81,0,0,0.45,,no_action,true,,stable,
2022-05-01T12:16:00.000Z,157.39,0,0,0.45,,no_action,true,,stable,
2022-05-01T12:17:00.000Z,156.97,0,0,0.45,,no_action,true,,stable,
2022-05-01T12:18:00.000Z,156.56,0,0,0.45,,no_action,true,,stable,
2022-05-01T12:19:00.000Z,156.15,0,0,0.45,,no_action,true,,stable,
2022-05-01T12:20:00.000Z,155.73,0,0,0.45,,no_action,true,,stable,
2022-05-01T12:21:00.000Z,155.32,0,0,0.45,,no_action,true,,stable,
2022-05-01T12:22:00.000Z,154.92,0,0,0.45,,no_action,true,,stable,
2022-05-01T12:23:00.000Z,154.51,0,0,0.45,,no_action,true,,stable,
2022-05-01T12:24:00.000Z,154.1,0,0,0.45,,no_action,true,,stable,
2022-05-01T12:25:00.000Z,153.7,0,0,0.45,,no_action,true,,stable,
2022-05-01T12:26:00.000Z,153.3,0,0,0.45,,no_action,true,,stable,
2022-05-01T12:27:00.000Z,152.9,0,0,0.45,,no_action,true,,stable,
2022-05-01T12:28:00.000Z,152.5,0,0,0.45,,no_action,true,,stable,
2022-05-01T12:29:00.000Z,152.11,0,0,0.45,,no_action,true,,stable,
2022-05-01T12:30:00.000Z,151.71,0,0,0.45,,no_action,true,,stable,
2022-05-01T12:31:00.000Z,151.32,0,0,0.45,,no_action,true,,stable,
2022-05-01T12:32:00.000Z,150.93,0,0,0.45,,no_action,true,,stable,
2022-05-01T12:33:00.000Z,150.54,0,0,0.45,,no_action,true,,stable,
2022-05-01T12:34:00.000Z,150.15,0,0,0.45,,no_action,true,,stable,
2022-05-01T12:35:00.000Z,149.77,0,0,0.45,,no_action,true,,stable,
2022-05-01T12:36:00.000Z,149.39,0,0,0.45,,no_action,true,,stable,
2022-05-01T12:37:00.000Z,149.01,0,0,0.45,,no_action,true,,stable,
2022-05-01T12:38:00.000Z,148.63,0,0,0.45,,no_action,true,,stable,
2022-05-01T12:39:00.000Z,148.25,0,0,0.45,,no_action,true,,stable,
2022-05-01T12:40:00.000Z,147.88,0,0,0.45,,no_action,true,,stable,
2022-05-01T12:41:00.000Z,147.5,0,0,0.45,,no_action,true,,stable,
2022-05-01T12:42:00.000Z,147.13,0,0,0.45,,no_action,true,,stable,
2022-05-01T12:43:00.000Z,146.76,0,0,0.45,,no_action,true,,stable,
2022-05-01T12:44:00.000Z,146.4,0,0,0.45,,no_action,true,,stable,
2022-05-01T12:45:00.000Z,146.03,0,0,246.45,4.1000000000000005,suggest_bolus,true,,stable,
2022-05-01T12:46:00.000Z,145.67,0,0,0.45,,no_action,true,,stable,
2022-05-01T12:47:00.000Z,145.31,0,0,0.45,,no_action,true,,stable,
2022-05-01T12:48:00.000Z,144.95,0,0,0.45,,no_action,true,,stable,
2022-05-01T12:49:00.000Z,144.59,0,0,0.45,,no_action,true,,stable,
2022-05-01T12:50:00.000Z,144.24,0,0,0.45,,no_action,true,,stable,
2022-05-01T12:51:00.000Z,143.88,0,0,0.45,,no_action,true,,stable,
2022-05-01T12:52:00.000Z,143.53,0,0,0.45,,no_action,true,,stable,
2022-05-01T12:53:00.000Z,143.18,0,0,0.45,,no_action,true,,stable,
2022-05-01T12:54:00.000Z,142.83,0,0,0.45,,no_action,true,,stable,
2022-05-01T12:55:00.000Z,142.48,0,0,0.45,,no_action,true,,stable,
2022-05-01T12:56:00.000Z,142.13,0,0,0.45,,no_action,true,,stable,
2022-05-01T12:57:00.000Z,141.78,0,0,0.45,,no_action,true,,stable,
2022-05-01T12:58:00.000Z,141.43,0,0,0.45,,no_action,true,,stable,
2022-05-01T12:59:00.000Z,141.08,0,0,0.45,,no_action,true,,stable,
2022-05-01T13:00:00.000Z,140.73,1.556,0,0.45,,no_action,true,,stable,
2022-05-01T13:01:00.000Z,140.38,1.556,0,0.45,,no_action,true,,stable,
2022-05-01T13:02:00.000Z,140.04,1.556,0,0.45,,no_action,true,,stable,
2022-05-01T13:03:00.000Z,139.69,1.556,0,0.45,,no_action,true,,stable,
2022-05-01T13:04:00.000Z,139.36,1.556,0,0.45,,no_action,true,,stable,
2022-05-01T13:05:00.000Z,139.04,1.556,0,0.45,,no_action,true,,stable,
2022-05-01T13:06:00.000Z,138.73,1.556,0,0.45,,no_action,true,,stable,
2022-05-01T13:07:00.000Z,138.43,1.556,0,0.45,,no_action,true,,stable,
2022-05-01T13:08:00.000Z,138.15,1.556,0,0.45,,no_action,true,,stable,
2022-05-01T13:09:00.000Z,137.89,1.556,0,0.45,,no_action,true,,stable,
2022-05-01T13:10:00.000Z,137.65,1.556,0,0.45,,no_action,true,,stable,
2022-05-01T13:11:00.000Z,137.43,1.556,0,0.45,,no_action,true,,stable,
2022-05-01T13:12:00.000Z,137.23,1.556,0,0.45,,no_action,true,,stable,
2022-05-01T13:13:00.000Z,137.06,1.556,0,0.45,,no_action,true,,stable,
2022-05-01T13:14:00.000Z,136.91,1.556,0,0.45,,no_action,true,,stable,
2022-05-01T13:15:00.000Z,136.8,1.556,0,0.45,,no_action,true,,stable,
2022-05-01T13:16:00.000Z,136.71,1.556,0,0.45,,no_action,true,,stable,
2022-05-01T13:17:00.000Z,136.65,1.556,0,0.45,,no_action,true,,stable,
2022-05-01T13:18:00.000Z,136.62,1.556,0,0.45,,no_action,true,,stable,
2022-05-01T13:19:00.000Z,136.63,1.556,0,0.45,,no_action,true,,stable,
2022-05-01T13:20:00.000Z,136.67,1.556,0,0.45,,no_action,true,,stable,
2022-05-01T13:21:00.000Z,136.74,1.556,0,0.45,,no_action,true,,stable,
2022-05-01T13:22:00.000Z,136.84,1.556,0,0.45,,no_action,true,,stable,
2022-05-01T13:23:00.000Z,136.99,1.556,0,0.45,,no_action,true,,stable,
2022-05-01T13:24:00.000Z,137.17,1.556,0,0.45,,no_action,true,,stable,
2022-05-01T13:25:00.000Z,137.38,1.556,0,0.45,,no_action,true,,stable,
2022-05-01T13:26:00.000Z,137.64,1.556,0,0.45,,no_action,true,,stable,
2022-05-01T13:27:00.000Z,137.93,1.556,0,0.45,,no_action,true,,stable,
2022-05-01T13:28:00.000Z,138.26,1.556,0,0.45,,no_action,true,,stable,
2022-05-01T13:29:00.000Z,138.63,1.556,0,0.45,,no_action,true,,stable,
2022-05-01T13:30:00.000Z,139.04,1.556,0,0.45,,no_action,true,,stable,
2022-05-01T13:31:00.000Z,139.49,1.556,0,0.45,,no_action,true,,stable,
2022-05-01T13:32:00.000Z,139.97,1.556,0,0.45,,no_action,true,,stable,
2022-05-01T13:33:00.000Z,140.5,1.556,0,0.45,,no_action,true,,stable,
2022-05-01T13:34:00.000Z,141.07,1.556,0,0.45,,no_action,true,,stable,
2022-05-01T13:35:00.000Z,141.68,1.556,0,0.45,,no_action,true,,stable,
2022-05-01T13:36:00.000Z,142.33,1.556,0,0.45,,no_action,true,,stable,
2022-05-01T13:37:00.000Z,143.03,1.556,0,0.45,,no_action,true,,stable,
2022-05-01T13:38:00.000Z,143.76,1.556,0,0.45,,no_action,true,,stable,
2022-05-01T13:39:00.000Z,144.53,1.556,0,0.45,,no_action,true,,stable,
2022-05-01T13:40:00.000Z,145.35,1.556,0,0.45,,no_action,true,,stable,
2022-05-01T13:41:00.000Z,146.2,1.556,0,0.45,,no_action,true,,stable,
2022-05-01T13:42:00.000Z,147.1,1.556,0,0.45,,no_action,true,,stable,
2022-05-01T13:43:00.000Z,148.03,1.556,0,0.45,,no_action,true,,stable,
2022-05-01T13:44:00.000Z,149.01,1.556,0,0.45,,no_action,true,,stable,
2022-05-01T13:45:00.000Z,150.02,0,0,0.45,,no_action,true,,stable,
2022-05-01T13:46:00.000Z,151.08,0,0,0.45,,no_action,true,,stable,
2022-05-01T13:47:00.000Z,152.17,0,0,0.45,,no_action,true,,stable,
2022-05-01T13:48:00.000Z,153.29,0,0,0.45,,no_action,true,,stable,
2022-05-01T13:49:00.000Z,154.44,0,0,0.45,,no_action,true,,stable,
2022-05-01T13:50:00.000Z,155.61,0,0,0.45,,no_action,true,,stable,
2022-05-01T13:51:00.000Z,156.81,0,0,0.45,,no_action,true,,stable,
2022-05-01T13:52:00.000Z,158.03,0,0,0.45,,no_action,true,,stable,
2022-05-01T13:53:00.000Z,159.27,0,0,0.45,,no_action,true,,stable,
2022-05-01T13:54:00.000Z,160.52,0,0,0.45,,no_action,true,,stable,
2022-05-01T13:55:00.000Z,161.79,0,0,0.45,,no_action,true,,stable,
2022-05-01T13:56:00.000Z,163.06,0,0,0.45,,no_action,true,,stable,
2022-05-01T13:57:00.000Z,164.35,0,0,0.45,,no_action,true,,stable,
2022-05-01T13:58:00.000Z,165.64,0,0,0.45,,no_action,true,,stable,
2022-05-01T13:59:00.000Z,166.93,0,0,0.45,,no_action,true,,stable,
2022-05-01T14:00:00.000Z,168.23,0,0,0.45,,no_action,true,,stable,
2022-05-01T14:01:00.000Z,169.53,0,0,0.45,,no_action,true,,stable,
2022-05-01T14:02:00.000Z,170.82,0,0,0.45,,no_action,true,,stable,
2022-05-01T14:03:00.000Z,172.12,0,0,0.45,,no_action,true,,stable,
2022-05-01T14:04:00.000Z,173.4,0,0,0.45,,no_action,true,,stable,
2022-05-01T14:05:00.000Z,174.68,0,0,0.45,,no_action,true,,rising,
2022-05-01T14:06:00.000Z,175.96,0,0,0.45,,no_action,true,,rising,
2022-05-01T14:07:00.000Z,177.22,0,0,0.45,,no_action,true,,rising,
2022-05-01T14:08:00.000Z,178.48,0,0,0.45,,no_action,true,,rising,
2022-05-01T14:09:00.000Z,179.72,0,0,0.45,,no_action,true,,rising,
2022-05-01T14:10:00.000Z,180.95,0,0,0.45,,no_action,true,,rising,high glucose
2022-05-01T14:11:00.000Z,182.16,0,0,0.45,,no_action,true,,rising,high glucose
2022-05-01T14:12:00.000Z,183.36,0,0,0.45,,no_action,true,,rising,high glucose
2022-05-01T14:13:00.000Z,184.55,0,0,0.45,,no_action,true,,rising,high glucose
2022-05-01T14:14:00.000Z,185.71,0,0,0.45,,no_action,true,,rising,high glucose
2022-05-01T14:15:00.000Z,186.86,0,0,0.45,,no_action,true,,rising,high glucose
2022-05-01T14:16:00.000Z,187.99,0,0,0.45,,no_action,true,,rising,high glucose
2022-05-01T14:17:00.000Z,189.1,0,0,0.45,,no_action,true,,rising,high glucose
2022-05-01T14:18:00.000Z,190.19,0,0,0.45,,no_action,true,,rising,high glucose
2022-05-01T14:19:00.000Z,191.26,0,0,0.45,,no_action,true,,rising,high glucose
2022-05-01T14:20:00.000Z,192.31,0,0,0.45,,no_action,true,,rising,high glucose
2022-05-01T14:21:00.000Z,193.34,0,0,0.45,,no_action,true,,rising,high glucose
2022-05-01T14:22:00.000Z,194.34,0,0,0.45,,no_action,true,,rising,high glucose
2022-05-01T14:23:00.000Z,195.32,0,0,0.45,,no_action,true,,rising,high glucose
2022-05-01T14:24:00.000Z,196.27,0,0,0.45,,no_action,true,,rising,high glucose
2022-05-01T14:25:00.000Z,197.21,0,0,0.45,,no_action,true,,rising,high glucose
2022-05-01T14:26:00.000Z,198.12,0,0,0.45,,no_action,true,,rising,high glucose
2022-05-01T14:27:00.000Z,199,0,0,0.45,,no_action,true,,rising,high glucose
2022-05-01T14:28:00.000Z,199.86,0,0,0.45,,no_action,true,,rising,high glucose
2022-05-01T14:29:00.000Z,200.69,0,0,0.45,,no_action,true,,rising,high glucose
2022-05-01T14:30:00.000Z,201.5,0,0,0.45,,no_action,true,,rising,high glucose
2022-05-01T14:31:00.000Z,202.29,0,0,0.45,,no_action,true,,rising,high glucose
2022-05-01T14:32:00.000Z,203.04,0,0,0.45,,no_action,true,,rising,high glucose
2022-05-01T14:33:00.000Z,203.78,0,0,0.45,,no_action,true,,rising,high glucose
2022-05-01T14:34:00.000Z,204.48,0,0,0.45,,no_action,true,,rising,high glucose
2022-05-01T14:35:00.000Z,205.16,0,0,0.45,,no_action,true,,rising,high glucose
2022-05-01T14:36:00.000Z,205.82,0,0,0.45,,no_action,true,,rising,high glucose
2022-05-01T14:37:00.000Z,206.45,0,0,0.45,,no_action,true,,rising,high glucose
2022-05-01T14:38:00.000Z,207.06,0,0,0.45,,no_action,true,,rising,high glucose
2022-05-01T14:39:00.000Z,207.63,0,0,0.45,,no_action,true,,rising,high glucose
2022-05-01T14:40:00.000Z,208.19,0,0,0.45,,no_action,true,,stable,high glucose
2022-05-01T14:41:00.000Z,208.72,0,0,0.45,,no_action,true,,stable,high glucose
2022-05-01T14:42:00.000Z,209.22,0,0,0.45,,no_action,true,,stable,high glucose
2022-05-01T14:43:00.000Z,209.7,0,0,0.45,,no_action,true,,stable,high glucose
2022-05-01T14:44:00.000Z,210.15,0,0,0.45,,no_action,true,,stable,high glucose
2022-05-01T14:45:00.000Z,210.58,0,0,0.45,,no_action,true,,stable,high glucose
2022-05-01T14:46:00.000Z,210.99,0,0,0.45,,no_action,true,,stable,high glucose
2022-05-01T14:47:00.000Z,211.37,0,0,0.45,,no_action,true,,stable,high glucose
2022-05-01T14:48:00.000Z,211.72,0,0,0.45,,no_action,true,,stable,high glucose
2022-05-01T14:49:00.000Z,212.06,0,0,0.45,,no_action,true,,stable,high glucose
2022-05-01T14:50:00.000Z,212.36,0,0,0.45,,no_action,true,,stable,high glucose
2022-05-01T14:51:00.000Z,212.65,0,0,0.45,,no_action,true,,stable,high glucose
2022-05-01T14:52:00.000Z,212.91,0,0,0.45,,no_action,true,,stable,high glucose
2022-05-01T14:53:00.000Z,213.15,0,0,0.45,,no_action,true,,stable,high glucose
2022-05-01T14:54:00.000Z,213.37,0,0,0.45,,no_action,true,,stable,high glucose
2022-05-01T14:55:00.000Z,213.57,0,0,0.45,,no_action,true,,stable,high glucose
2022-05-01T14:56:00.000Z,213.74,0,0,0.45,,no_action,true,,stable,high glucose
2022-05-01T14:57:00.000Z,213.89,0,0,0.45,,no_action,true,,stable,high glucose
2022-05-01T14:58:00.000Z,214.03,0,0,0.45,,no_action,true,,stable,high glucose
2022-05-01T14:59:00.000Z,214.14,0,0,0.45,,no_action,true,,stable,high glucose
2022-05-01T15:00:00.000Z,214.23,0,0,0.45,,no_action,true,,stable,high glucose
2022-05-01T15:01:00.000Z,214.3,0,0,0.45,,no_action,true,,stable,high glucose
2022-05-01T15:02:00.000Z,214.35,0,0,0.45,,no_action,true,,stable,high glucose
2022-05-01T15:03:00.000Z,214.38,0,0,0.45,,no_action,true,,stable,high glucose
2022-05-01T15:04:00.000Z,214.39,0,0,0.45,,no_action,true,,stable,high glucose
2022-05-01T15:05:00.000Z,214.38,0,0,0.45,,no_action,true,,stable,high glucose
2022-05-01T15:06:00.000Z,214.36,0,0,0.45,,no_action,true,,stable,high glucose
2022-05-01T15:07:00.000Z,214.31,0,0,0.45,,no_action,true,,stable,high glucose
2022-05-01T15:08:00.000Z,214.25,0,0,0.45,,no_action,true,,stable,high glucose
2022-05-01T15:09:00.000Z,214.17,0,0,0.45,,no_action,true,,stable,high glucose
2022-05-01T15:10:00.000Z,214.08,0,0,0.45,,no_action,true,,stable,high glucose
2022-05-01T15:11:00.000Z,213.97,0,0,0.45,,no_action,true,,stable,high glucose
2022-05-01T15:12:00.000Z,213.84,0,0,0.45,,no_action,true,,stable,high glucose
2022-05-01T15:13:00.000Z,213.69,0,0,0.45,,no_action,true,,stable,high glucose
2022-05-01T15:14:00.000Z,213.53,0,0,0.45,,no_action,true,,stable,high glucose
2022-05-01T15:15:00.000Z,213.36,0,0,0.45,,no_action,true,,stable,high glucose
2022-05-01T15:16:00.000Z,213.17,0,0,0.45,,no_action,true,,stable,high glucose
2022-05-01T15:17:00.000Z,212.97,0,0,0.45,,no_action,true,,stable,high glucose
2022-05-01T15:18:00.000Z,212.75,0,0,0.45,,no_action,true,,stable,high glucose
2022-05-01T15:19:00.000Z,212.52,0,0,0.45,,no_action,true,,stable,high glucose
2022-05-01T15:20:00.000Z,212.27,0,0,0.45,,no_action,true,,stable,high glucose
2022-05-01T15:21:00.000Z,212.01,0,0,0.45,,no_action,true,,stable,high glucose
2022-05-01T15:22:00.000Z,211.74,0,0,0.45,,no_action,true,,stable,high glucose
2022-05-01T15:23:00.000Z,211.46,0,0,0.45,,no_action,true,,stable,high glucose
2022-05-01T15:24:00.000Z,211.16,0,0,0.45,,no_action,true,,stable,high glucose
2022-05-01T15:25:00.000Z,210.85,0,0,0.45,,no_action,true,,stable,high glucose
2022-05-01T15:26:00.000Z,210.53,0,0,0.45,,no_action,true,,stable,high glucose
2022-05-01T15:27:00.000Z,210.2,0,0,0.45,,no_action,true,,stable,high glucose
2022-05-01T15:28:00.000Z,209.86,0,0,0.45,,no_action,true,,stable,high glucose
2022-05-01T15:29:00.000Z,209.51,0,0,0.45,,no_action,true,,stable,high glucose
2022-05-01T15:30:00.000Z,209.15,0,0,0.45,,no_action,true,,stable,high glucose
2022-05-01T15:31:00.000Z,208.78,0,0,0.45,,no_action,true,,stable,high glucose
2022-05-01T15:32:00.000Z,208.4,0,0,0.45,,no_action,true,,stable,high glucose
2022-05-01T15:33:00.000Z,208,0,0,0.45,,no_action,true,,stable,high glucose
2022-05-01T15:34:00.000Z,207.61,0,0,0.45,,no_action,true,,stable,high glucose
2022-05-01T15:35:00.000Z,207.2,0,0,0.45,,no_action,true,,stable,high glucose
2022-05-01T15:36:00.000Z,206.78,0,0,0.45,,no_action,true,,stable,high glucose
2022-05-01T15:37:00.000Z,206.35,0,0,0.45,,no_action,true,,stable,high glucose
2022-05-01T15:38:00.000Z,205.92,0,0,0.45,,no_action,true,,stable,high glucose
2022-05-01T15:39:00.000Z,205.48,0,0,0.45,,no_action,true,,stable,high glucose
2022-05-01T15:40:00.000Z,205.03,0,0,0.45,,no_action,true,,stable,high glucose
2022-05-01T15:41:00.000Z,204.58,0,0,0.45,,no_action,true,,stable,high glucose
2022-05-01T15:42:00.000Z,204.12,0,0,0.45,,no_action,true,,stable,high glucose
2022-05-01T15:43:00.000Z,203.65,0,0,0.45,,no_action,true,,stable,high glucose
2022-05-01T15:44:00.000Z,203.17,0,0,0.45,,no_action,true,,stable,high glucose
2022-05-01T15:45:00.000Z,202.69,0,0,0.45,,no_action,true,,stable,high glucose
2022-05-01T15:46:00.000Z,202.21,0,0,0.45,,no_action,true,,stable,high glucose
2022-05-01T15:47:00.000Z,201.71,0,0,0.45,,no_action,true,,stable,high glucose
2022-05-01T15:48:00.000Z,201.21,0,0,0.45,,no_action,true,,stable,high glucose
2022-05-01T15:49:00.000Z,200.71,0,0,0.45,,no_action,true,,stable,high glucose
2022-05-01T15:50:00.000Z,200.2,0,0,0.45,,no_action,true,,stable,high glucose
2022-05-01T15:51:00.000Z,199.69,0,0,0.45,,no_action,true,,stable,high glucose
2022-05-01T15:52:00.000Z,199.17,0,0,0.45,,no_action,true,,stable,high glucose
2022-05-01T15:53:00.000Z,198.65,0,0,0.45,,no_action,true,,stable,high glucose
2022-05-01T15:54:00.000Z,198.13,0,0,0.45,,no_action,true,,stable,high glucose
2022-05-01T15:55:00.000Z,197.6,0,0,0.45,,no_action,true,,stable,high glucose
2022-05-01T15:56:00.000Z,197.06,0,0,0.45,,no_action,true,,stable,high glucose
2022-05-01T15:57:00.000Z,196.53,0,0,0.45,,no_action,true,,stable,high glucose
2022-05-01T15:58:00.000Z,195.99,0,0,0.45,,no_action,true,,stable,high glucose
2022-05-01T15:59:00.000Z,195.44,0,0,0.45,,no_action,true,,stable,high glucose
2022-05-01T16:00:00.000Z,194.9,0,0,0.45,,no_action,true,,stable,high glucose
2022-05-01T16:01:00.000Z,194.35,0,0,0.45,,no_action,true,,stable,high glucose
2022-05-01T16:02:00.000Z,193.8,0,0,0.45,,no_action,true,,stable,high glucose
2022-05-01T16:03:00.000Z,193.24,0,0,0.45,,no_action,true,,stable,high glucose
2022-05-01T16:04:00.000Z,192.68,0,0,0.45,,no_action,true,,stable,high glucose
2022-05-01T16:05:00.000Z,192.13,0,0,0.45,,no_action,true,,stable,high glucose
2022-05-01T16:06:00.000Z,191.57,0,0,0.45,,no_action,true,,stable,high glucose
2022-05-01T16:07:00.000Z,191,0,0,0.45,,no_action,true,,stable,high glucose
2022-05-01T16:08:00.000Z,190.44,0,0,0.45,,no_action,true,,stable,high glucose
2022-05-01T16:09:00.000Z,189.87,0,0,0.45,,no_action,true,,stable,high glucose
2022-05-01T16:10:00.000Z,189.31,0,0,0.45,,no_action,true,,stable,high glucose
2022-05-01T16:11:00.000Z,188.74,0,0,0.45,,no_action,true,,stable,high glucose
2022-05-01T16:12:00.000Z,188.17,0,0,0.45,,no_action,true,,stable,high glucose
2022-05-01T16:13:00.000Z,187.6,0,0,0.45,,no_action,true,,stable,high glucose
2022-05-01T16:14:00.000Z,187.03,0,0,0.45,,no_action,true,,stable,high glucose
2022-05-01T16:15:00.000Z,186.45,0,0,0.45,,no_action,true,,stable,high glucose
2022-05-01T16:16:00.000Z,185.88,0,0,0.45,,no_action,true,,stable,high glucose
2022-05-01T16:17:00.000Z,185.31,0,0,0.45,,no_action,true,,stable,high glucose
2022-05-01T16:18:00.000Z,184.73,0,0,0.45,,no_action,true,,stable,high glucose
2022-05-01T16:19:00.000Z,184.16,0,0,0.45,,no_action,true,,stable,high glucose
2022-05-01T16:20:00.000Z,183.58,0,0,0.45,,no_action,true,,stable,high glucose
2022-05-01T16:21:00.000Z,183.01,0,0,0.45,,no_action,true,,stable,high glucose
2022-05-01T16:22:00.000Z,182.44,0,0,0.45,,no_action,true,,stable,high glucose
2022-05-01T16:23:00.000Z,181.86,0,0,0.45,,no_action,true,,stable,high glucose
2022-05-01T16:24:00.000Z,181.29,0,0,0.45,,no_action,true,,stable,high glucose
2022-05-01T16:25:00.000Z,180.71,0,0,0.45,,no_action,true,,stable,high glucose
2022-05-01T16:26:00.000Z,180.14,0,0,0.45,,no_action,true,,stable,high glucose
2022-05-01T16:27:00.000Z,179.57,0,0,0.45,,no_action,true,,stable,high glucose
2022-05-01T16:28:00.000Z,179,0,0,0.45,,no_action,true,,stable,high glucose
2022-05-01T16:29:00.000Z,178.42,0,0,0.45,,no_action,true,,stable,high glucose
2022-05-01T16:30:00.000Z,177.85,0,25,0.45,,no_action,true,,stable,
2022-05-01T16:31:00.000Z,176.94,0,25,0.45,,no_action,true,,stable,
2022-05-01T16:32:00.000Z,175.76,0,25,0.45,,no_action,true,,stable,
2022-05-01T16:33:00.000Z,174.35,0,25,0.45,,no_action,true,,stable,
2022-05-01T16:34:00.000Z,172.77,0,25,0.45,,no_action,true,,stable,
2022-05-01T16:35:00.000Z,171.06,0,25,0.45,,no_action,true,,stable,
2022-05-01T16:36:00.000Z,169.24,0,25,0.45,,no_action,true,,stable,
2022-05-01T16:37:00.000Z,167.34,0,25,0.45,,no_action,true,,stable,
2022-05-01T16:38:00.000Z,165.38,0,25,0.45,,no_action,true,,stable,
2022-05-01T16:39:00.000Z,163.38,0,25,0.45,,no_action,true,,stable,
2022-05-01T16:40:00.000Z,161.36,0,25,0.45,,no_action,true,,stable,
2022-05-01T16:41:00.000Z,159.32,0,25,0.45,,no_action,true,,stable,
2022-05-01T16:42:00.000Z,157.27,0,25,0.45,,no_action,true,,stable,
2022-05-01T16:43:00.000Z,155.23,0,25,0.45,,no_action,true,,stable,
2022-05-01T16:44:00.000Z,153.19,0,25,0.45,,no_action,true,,stable,
2022-05-01T16:45:00.000Z,151.16,0,25,0.45,,no_action,true,,falling,
2022-05-01T16:46:00.000Z,149.14,0,25,0.45,,no_action,true,,falling,
2022-05-01T16:47:00.000Z,147.15,0,25,0.45,,no_action,true,,falling,
2022-05-01T16:48:00.000Z,145.17,0,25,0.45,,no_action,true,,falling,
2022-05-01T16:49:00.000Z,143.21,0,25,0.45,,no_action,true,,falling,
2022-05-01T16:50:00.000Z,141.28,0,25,0.45,,no_action,true,,falling,
2022-05-01T16:51:00.000Z,139.37,0,25,0.45,,no_action,true,,falling,
2022-05-01T16:52:00.000Z,137.48,0,25,0.45,,no_action,true,,falling,
2022-05-01T16:53:00.000Z,135.62,0,25,0.45,,no_action,true,,falling,
2022-05-01T16:54:00.000Z,133.79,0,25,0.45,,no_action,true,,falling,
2022-05-01T16:55:00.000Z,131.98,0,25,0.45,,no_action,true,,falling,
2022-05-01T16:56:00.000Z,130.19,0,25,0.45,,no_action,true,,falling,
2022-05-01T16:57:00.000Z,128.43,0,25,0.45,,no_action,true,,falling,
2022-05-01T16:58:00.000Z,126.7,0,25,0.45,,no_action,true,,falling,
2022-05-01T16:59:00.000Z,125,0,25,0.45,,no_action,true,,falling,
2022-05-01T17:00:00.000Z,123.32,0,25,0.45,,no_action,true,,falling,
2022-05-01T17:01:00.000Z,121.66,0,25,0.45,,no_action,true,,falling,
2022-05-01T17:02:00.000Z,120.03,0,25,0.45,,no_action,true,,falling,
2022-05-01T17:03:00.000Z,118.43,0,25,0.45,,no_action,true,,falling,
2022-05-01T17:04:00.000Z,116.85,0,25,0.45,,no_action,true,,falling,
2022-05-01T17:05:00.000Z,115.3,0,25,0.45,,no_action,true,,falling,
2022-05-01T17:06:00.000Z,113.77,0,25,0.45,,no_action,true,,falling,
2022-05-01T17:07:00.000Z,112.26,0,25,0.45,,no_action,true,,falling,
2022-05-01T17:08:00.000Z,110.78,0,25,0.45,,no_action,true,,falling,
2022-05-01T17:09:00.000Z,109.32,0,25,0.45,,no_action,true,,falling,
2022-05-01T17:10:00.000Z,107.88,0,25,0.45,,no_action,true,,falling,
2022-05-01T17:11:00.000Z,106.47,0,25,0.45,,no_action,true,,falling,
2022-05-01T17:12:00.000Z,105.08,0,25,0.45,,no_action,true,,falling,
2022-05-01T17:13:00.000Z,103.72,0,25,0.45,,no_action,true,,falling,
2022-05-01T17:14:00.000Z,102.37,0,25,0.45,,no_action,true,,falling,
2022-05-01T17:15:00.000Z,101.05,0,0,0.45,,no_action,true,,falling,
2022-05-01T17:16:00.000Z,99.95,0,0,0.45,,no_action,true,,falling,
2022-05-01T17:17:00.000Z,99.02,0,0,0.45,,no_action,true,,falling,
2022-05-01T17:18:00.000Z,98.22,0,0,0.45,,no_action,true,,falling,
2022-05-01T17:19:00.000Z,97.54,0,0,0.45,,no_action,true,,falling,
2022-05-01T17:20:00.000Z,96.94,0,0,0.45,,no_action,true,,falling,
2022-05-01T17:21:00.000Z,96.42,0,0,0.45,,no_action,true,,falling,
2022-05-01T17:22:00.000Z,95.95,0,0,0.45,,no_action,true,,falling,
2022-05-01T17:23:00.000Z,95.54,0,0,0.45,,no_action,true,,falling,
2022-05-01T17:24:00.000Z,95.16,0,0,0.45,,no_action,true,,falling,
2022-05-01T17:25:00.000Z,94.81,0,0,0.45,,no_action,true,,falling,
2022-05-01T17:26:00.000Z,94.5,0,0,0.45,,no_action,true,,falling,
2022-05-01T17:27:00.000Z,94.2,0,0,0.45,,no_action,true,,falling,
2022-05-01T17:28:00.000Z,93.92,0,0,0.45,,no_action,true,,falling,
2022-05-01T17:29:00.000Z,93.66,0,0,0.45,,no_action,true,,falling,
2022-05-01T17:30:00.000Z,93.41,0,0,0.45,,no_action,true,,stable,
2022-05-01T17:31:00.000Z,93.17,0,0,0.45,,no_action,true,,stable,
2022-05-01T17:32:00.000Z,92.93,0,0,0.45,,no_action,true,,stable,
2022-05-01T17:33:00.000Z,92.71,0,0,0.45,,no_action,true,,stable,
2022-05-01T17:34:00.000Z,92.49,0,0,0.45,,no_action,true,,stable,
2022-05-01T17:35:00.000Z,92.27,0,0,0.45,,no_action,true,,stable,
2022-05-01T17:36:00.000Z,92.06,0,0,0.45,,no_action,true,,stable,
2022-05-01T17:37:00.000Z,91.86,0,0,0.45,,no_action,true,,stable,
2022-05-01T17:38:00.000Z,91.65,0,0,0.45,,no_action,true,,stable,
2022-05-01T17:39:00.000Z,91.45,0,0,0.45,,no_action,true,,stable,
2022-05-01T17:40:00.000Z,91.26,0,0,0.45,,no_action,true,,stable,
2022-05-01T17:41:00.000Z,91.06,0,0,0.45,,no_action,true,,stable,
2022-05-01T17:42:00.000Z,90.87,0,0,0.45,,no_action,true,,stable,
2022-05-01T17:43:00.000Z,90.67,0,0,0.45,,no_action,true,,stable,
2022-05-01T17:44:00.000Z,90.48,0,0,0.45,,no_action,true,,stable,
2022-05-01T17:45:00.000Z,90.3,0,0,0.45,,no_action,true,,stable,
2022-05-01T17:46:00.000Z,90.11,0,0,0.45,,no_action,true,,stable,
2022-05-01T17:47:00.000Z,89.92,0,0,0.45,,no_action,true,,stable,
2022-05-01T17:48:00.000Z,89.74,0,0,0.45,,no_action,true,,stable,
2022-05-01T17:49:00.000Z,89.56,0,0,0.45,,no_action,true,,stable,
2022-05-01T17:50:00.000Z,89.38,0,0,0.45,,no_action,true,,stable,
2022-05-01T17:51:00.000Z,89.2,0,0,0.45,,no_action,true,,stable,
2022-05-01T17:52:00.000Z,89.02,0,0,0.45,,no_action,true,,stable,
2022-05-01T17:53:00.000Z,88.84,0,0,0.45,,no_action,true,,stable,
2022-05-01T17:54:00.000Z,88.66,0,0,0.45,,no_action,true,,stable,
2022-05-01T17:55:00.000Z,88.49,0,0,0.45,,no_action,true,,stable,
2022-05-01T17:56:00.000Z,88.31,0,0,0.45,,no_action,true,,stable,
2022-05-01T17:57:00.000Z,88.14,0,0,0.45,,no_action,true,,stable,
2022-05-01T17:58:00.000Z,87.97,0,0,0.45,,no_action,true,,stable,
2022-05-01T17:59:00.000Z,87.8,0,0,0.45,,no_action,true,,stable,
2022-05-01T18:00:00.000Z,87.63,0,0,0.45,,no_action,true,,stable,
2022-05-01T18:01:00.000Z,87.46,0,0,0.45,,no_action,true,,stable,
2022-05-01T18:02:00.000Z,87.3,0,0,0.45,,no_action,true,,stable,
2022-05-01T18:03:00.000Z,87.13,0,0,0.45,,no_action,true,,stable,
2022-05-01T18:04:00.000Z,86.97,0,0,0.45,,no_action,true,,stable,
2022-05-01T18:05:00.000Z,86.81,0,0,0.45,,no_action,true,,stable,
2022-05-01T18:06:00.000Z,86.65,0,0,0.45,,no_action,true,,stable,
2022-05-01T18:07:00.000Z,86.49,0,0,0.45,,no_action,true,,stable,
2022-05-01T18:08:00.000Z,86.33,0,0,0.45,,no_action,true,,stable,
2022-05-01T18:09:00.000Z,86.17,0,0,0.45,,no_action,true,,stable,
2022-05-01T18:10:00.000Z,86.02,0,0,0.45,,no_action,true,,stable,
2022-05-01T18:11:00.000Z,85.86,0,0,0.45,,no_action,true,,stable,
2022-05-01T18:12:00.000Z,85.71,0,0,0.45,,no_action,true,,stable,
2022-05-01T18:13:00.000Z,85.56,0,0,0.45,,no_action,true,,stable,
2022-05-01T18:14:00.000Z,85.41,0,0,0.45,,no_action,true,,stable,
2022-05-01T18:15:00.000Z,85.26,0,0,0.45,,no_action,true,,stable,
2022-05-01T18:16:00.000Z,85.11,0,0,0.45,,no_action,true,,stable,
2022-05-01T18:17:00.000Z,84.96,0,0,0.45,,no_action,true,,stable,
2022-05-01T18:18:00.000Z,84.82,0,0,0.45,,no_action,true,,stable,
2022-05-01T18:19:00.000Z,84.67,0,0,0.45,,no_action,true,,stable,
2022-05-01T18:20:00.000Z,84.53,0,0,0.45,,no_action,true,,stable,
2022-05-01T18:21:00.000Z,84.39,0,0,0.45,,no_action,true,,stable,
2022-05-01T18:22:00.000Z,84.25,0,0,0.45,,no_action,true,,stable,
2022-05-01T18:23:00.000Z,84.11,0,0,0.45,,no_action,true,,stable,
2022-05-01T18:24:00.000Z,83.97,0,0,0.45,,no_action,true,,stable,
2022-05-01T18:25:00.000Z,83.84,0,0,0.45,,no_action,true,,stable,
2022-05-01T18:26:00.000Z,83.7,0,0,0.45,,no_action,true,,stable,
2022-05-01T18:27:00.000Z,83.57,0,0,0.45,,no_action,true,,stable,
2022-05-01T18:28:00.000Z,83.44,0,0,0.45,,no_action,true,,stable,
2022-05-01T18:29:00.000Z,83.31,0,0,0.45,,no_action,true,,stable,
2022-05-01T18:30:00.000Z,83.18,0,0,0.45,,no_action,true,,stable,
2022-05-01T18:31:00.000Z,83.05,0,0,0.45,,no_action,true,,stable,
2022-05-01T18:32:00.000Z,82.92,0,0,0.45,,no_action,true,,stable,
2022-05-01T18:33:00.000Z,82.8,0,0,0.45,,no_action,true,,stable,
2022-05-01T18:34:00.000Z,82.68,0,0,0.45,,no_action,true,,stable,
2022-05-01T18:35:00.000Z,82.55,0,0,0.45,,no_action,true,,stable,
2022-05-01T18:36:00.000Z,82.43,0,0,0.45,,no_action,true,,stable,
2022-05-01T18:37:00.000Z,82.31,0,0,0.45,,no_action,true,,stable,
2022-05-01T18:38:00.000Z,82.19,0,0,0.45,,no_action,true,,stable,
2022-05-01T18:39:00.000Z,82.07,0,0,0.45,,no_action,true,,stable,
2022-05-01T18:40:00.000Z,81.96,0,0,0.45,,no_action,true,,stable,
2022-05-01T18:41:00.000Z,81.84,0,0,0.45,,no_action,true,,stable,
2022-05-01T18:42:00.000Z,81.73,0,0,0.45,,no_action,true,,stable,
2022-05-01T18:43:00.000Z,81.62,0,0,0.45,,no_action,true,,stable,
2022-05-01T18:44:00.000Z,81.51,0,0,0.45,,no_action,true,,stable,
2022-05-01T18:45:00.000Z,81.4,0,0,216.45,3.6,suggest_bolus,true,,stable,
2022-05-01T18:46:00.000Z,81.29,0,0,0.45,,no_action,true,,stable,
2022-05-01T18:47:00.000Z,81.18,0,0,0.45,,no_action,true,,stable,
2022-05-01T18:48:00.000Z,81.08,0,0,0.45,,no_action,true,,stable,
2022-05-01T18:49:00.000Z,80.97,0,0,0.45,,no_action,true,,stable,
2022-05-01T18:50:00.000Z,80.87,0,0,0.45,,no_action,true,,stable,
2022-05-01T18:51:00.000Z,80.77,0,0,0.45,,no_action,true,,stable,
2022-05-01T18:52:00.000Z,80.66,0,0,0.45,,no_action,true,,stable,
2022-05-01T18:53:00.000Z,80.56,0,0,0.45,,no_action,true,,stable,
2022-05-01T18:54:00.000Z,80.46,0,0,0.45,,no_action,true,,stable,
2022-05-01T18:55:00.000Z,80.36,0,0,0.45,,no_action,true,,stable,
2022-05-01T18:56:00.000Z,80.26,0,0,0.45,,no_action,true,,stable,
2022-05-01T18:57:00.000Z,80.16,0,0,0.45,,no_action,true,,stable,
2022-05-01T18:58:00.000Z,80.06,0,0,0.45,,no_action,true,,stable,
2022-05-01T18:59:00.000Z,79.96,0,0,0.45,,no_action,true,,stable,
2022-05-01T19:00:00.000Z,79.86,1.444,0,0.45,,no_action,false,low_glucose,stable,low glucose
2022-05-01T19:01:00.000Z,79.76,1.444,0,0.45,,no_action,false,low_glucose,stable,low glucose
2022-05-01T19:02:00.000Z,79.66,1.444,0,0.45,,no_action,false,low_glucose,stable,low glucose
2022-05-01T19:03:00.000Z,79.57,1.444,0,0.45,,no_action,false,low_glucose,stable,low glucose
2022-05-01T19:04:00.000Z,79.48,1.444,0,0.45,,no_action,false,low_glucose,stable,low glucose
2022-05-01T19:05:00.000Z,79.41,1.444,0,0.45,,no_action,false,low_glucose,stable,low glucose
2022-05-01T19:06:00.000Z,79.35,1.444,0,0.45,,no_action,false,low_glucose,stable,low glucose
2022-05-01T19:07:00.000Z,79.3,1.444,0,0.45,,no_action,false,low_glucose,stable,low glucose
2022-05-01T19:08:00.000Z,79.26,1.444,0,0.45,,no_action,false,low_glucose,stable,low glucose
2022-05-01T19:09:00.000Z,79.25,1.444,0,0.45,,no_action,false,low_glucose,stable,low glucose
2022-05-01T19:10:00.000Z,79.25,1.444,0,0.45,,no_action,false,low_glucose,stable,low glucose
2022-05-01T19:11:00.000Z,79.28,1.444,0,0.45,,no_action,false,low_glucose,stable,low glucose
2022-05-01T19:12:00.000Z,79.33,1.444,0,0.45,,no_action,false,low_glucose,stable,low glucose
2022-05-01T19:13:00.000Z,79.4,1.444,0,0.45,,no_action,false,low_glucose,stable,low glucose
2022-05-01T19:14:00.000Z,79.49,1.444,0,0.45,,no_action,false,low_glucose,stable,low glucose
2022-05-01T19:15:00.000Z,79.62,1.444,0,0.45,,no_action,false,low_glucose,stable,low glucose
2022-05-01T19:16:00.000Z,79.77,1.444,0,0.45,,no_action,false,low_glucose,stable,low glucose
2022-05-01T19:17:00.000Z,79.94,1.444,0,0.45,,no_action,false,low_glucose,stable,low glucose
2022-05-01T19:18:00.000Z,80.15,1.444,0,0.45,,no_action,false,low_glucose,stable,low glucose
2022-05-01T19:19:00.000Z,80.39,1.444,0,0.45,,no_action,false,low_glucose,stable,low glucose
2022-05-01T19:20:00.000Z,80.66,1.444,0,0.45,,no_action,true,,stable,
2022-05-01T19:21:00.000Z,80.96,1.444,0,0.45,,no_action,true,,stable,
2022-05-01T19:22:00.000Z,81.3,1.444,0,0.45,,no_action,true,,stable,
2022-05-01T19:23:00.000Z,81.66,1.444,0,0.45,,no_action,true,,stable,
2022-05-01T19:24:00.000Z,82.07,1.444,0,0.45,,no_action,true,,stable,
2022-05-01T19:25:00.000Z,82.5,1.444,0,0.45,,no_action,true,,stable,
2022-05-01T19:26:00.000Z,82.97,1.444,0,0.45,,no_action,true,,stable,
2022-05-01T19:27:00.000Z,83.48,1.444,0,0.45,,no_action,true,,stable,
2022-05-01T19:28:00.000Z,84.02,1.444,0,0.45,,no_action,true,,stable,
2022-05-01T19:29:00.000Z,84.6,1.444,0,0.45,,no_action,true,,stable,
2022-05-01T19:30:00.000Z,85.22,1.444,0,0.45,,no_action,true,,stable,
2022-05-01T19:31:00.000Z,85.87,1.444,0,0.45,,no_action,true,,stable,
2022-05-01T19:32:00.000Z,86.56,1.444,0,0.45,,no_action,true,,stable,
2022-05-01T19:33:00.000Z,87.28,1.444,0,0.45,,no_action,true,,stable,
2022-05-01T19:34:00.000Z,88.04,1.444,0,0.45,,no_action,true,,stable,
2022-05-01T19:35:00.000Z,88.84,1.444,0,0.45,,no_action,true,,stable,
2022-05-01T19:36:00.000Z,89.68,1.444,0,0.45,,no_action,true,,stable,
2022-05-01T19:37:00.000Z,90.55,1.444,0,0.45,,no_action,true,,stable,
2022-05-01T19:38:00.000Z,91.46,1.444,0,0.45,,no_action,true,,stable,
2022-05-01T19:39:00.000Z,92.4,1.444,0,0.45,,no_action,true,,stable,
2022-05-01T19:40:00.000Z,93.39,1.444,0,0.45,,no_action,true,,stable,
2022-05-01T19:41:00.000Z,94.41,1.444,0,0.45,,no_action,true,,stable,
2022-05-01T19:42:00.000Z,95.46,1.444,0,0.45,,no_action,true,,stable,
2022-05-01T19:43:00.000Z,96.55,1.444,0,0.45,,no_action,true,,stable,
2022-05-01T19:44:00.000Z,97.68,1.444,0,0.45,,no_action,true,,stable,
2022-05-01T19:45:00.000Z,98.84,0,0,0.45,,no_action,true,,stable,
2022-05-01T19:46:00.000Z,100.03,0,0,0.45,,no_action,true,,stable,
2022-05-01T19:47:00.000Z,101.26,0,0,0.45,,no_action,true,,stable,
2022-05-01T19:48:00.000Z,102.51,0,0,0.45,,no_action,true,,stable,
2022-05-01T19:49:00.000Z,103.79,0,0,0.45,,no_action,true,,stable,
2022-05-01T19:50:00.000Z,105.09,0,0,0.45,,no_action,true,,stable,
2022-05-01T19:51:00.000Z,106.41,0,0,0.45,,no_action,true,,stable,
2022-05-01T19:52:00.000Z,107.74,0,0,0.45,,no_action,true,,stable,
2022-05-01T19:53:00.000Z,109.09,0,0,0.45,,no_action,true,,stable,
2022-05-01T19:54:00.000Z,110.45,0,0,0.45,,no_action,true,,stable,
2022-05-01T19:55:00.000Z,111.82,0,0,0.45,,no_action,true,,stable,
2022-05-01T19:56:00.000Z,113.2,0,0,0.45,,no_action,true,,stable,
2022-05-01T19:57:00.000Z,114.58,0,0,0.45,,no_action,true,,stable,
2022-05-01T19:58:00.000Z,115.96,0,0,0.45,,no_action,true,,stable,
2022-05-01T19:59:00.000Z,117.35,0,0,0.45,,no_action,true,,stable,
2022-05-01T20:00:00.000Z,118.73,0,0,0.45,,no_action,true,,rising,
2022-05-01T20:01:00.000Z,120.11,0,0,0.45,,no_action,true,,rising,
2022-05-01T20:02:00.000Z,121.49,0,0,0.45,,no_action,true,,rising,
2022-05-01T20:03:00.000Z,122.86,0,0,0.45,,no_action,true,,rising,
2022-05-01T20:04:00.000Z,124.23,0,0,0.45,,no_action,true,,rising,
2022-05-01T20:05:00.000Z,125.59,0,0,0.45,,no_action,true,,rising,
2022-05-01T20:06:00.000Z,126.93,0,0,0.45,,no_action,true,,rising,
2022-05-01T20:07:00.000Z,128.27,0,0,0.45,,no_action,true,,rising,
2022-05-01T20:08:00.000Z,129.59,0,0,0.45,,no_action,true,,rising,
2022-05-01T20:09:00.000Z,130.9,0,0,0.45,,no_action,true,,rising,
2022-05-01T20:10:00.000Z,132.19,0,0,0.45,,no_action,true,,rising,
2022-05-01T20:11:00.000Z,133.47,0,0,0.45,,no_action,true,,rising,
2022-05-01T20:12:00.000Z,134.73,0,0,0.45,,no_action,true,,rising,
2022-05-01T20:13:00.000Z,135.98,0,0,0.45,,no_action,true,,rising,
2022-05-01T20:14:00.000Z,137.2,0,0,0.45,,no_action,true,,rising,
2022-05-01T20:15:00.000Z,138.41,0,0,0.45,,no_action,true,,rising,
2022-05-01T20:16:00.000Z,139.59,0,0,0.45,,no_action,true,,rising,
2022-05-01T20:17:00.000Z,140.76,0,0,0.45,,no_action,true,,rising,
2022-05-01T20:18:00.000Z,141.9,0,0,0.45,,no_action,true,,rising,
2022-05-01T20:19:00.000Z,143.03,0,0,0.45,,no_action,true,,rising,
2022-05-01T20:20:00.000Z,144.13,0,0,0.45,,no_action,true,,rising,
2022-05-01T20:21:00.000Z,145.21,0,0,0.45,,no_action,true,,rising,
2022-05-01T20:22:00.000Z,146.26,0,0,0.45,,no_action,true,,rising,
2022-05-01T20:23:00.000Z,147.29,0,0,0.45,,no_action,true,,rising,
2022-05-01T20:24:00.000Z,148.3,0,0,0.45,,no_action,true,,rising,
2022-05-01T20:25:00.000Z,149.28,0,0,0.45,,no_action,true,,rising,
2022-05-01T20:26:00.000Z,150.24,0,0,0.45,,no_action,true,,rising,
2022-05-01T20:27:00.000Z,151.18,0,0,0.45,,no_action,true,,rising,
2022-05-01T20:28:00.000Z,152.09,0,0,0.45,,no_action,true,,rising,
2022-05-01T20:29:00.000Z,152.97,0,0,0.45,,no_action,true,,rising,
2022-05-01T20:30:00.000Z,153.83,0,0,0.45,,no_action,true,,rising,
2022-05-01T20:31:00.000Z,154.67,0,0,0.45,,no_action,true,,rising,
2022-05-01T20:32:00.000Z,155.47,0,0,0.45,,no_action,true,,rising,
2022-05-01T20:33:00.000Z,156.26,0,0,0.45,,no_action,true,,rising,
2022-05-01T20:34:00.000Z,157.02,0,0,0.45,,no_action,true,,rising,
2022-05-01T20:35:00.000Z,157.75,0,0,0.45,,no_action,true,,rising,
2022-05-01T20:36:00.000Z,158.46,0,0,0.45,,no_action,true,,rising,
2022-05-01T20:37:00.000Z,159.14,0,0,0.45,,no_action,true,,rising,
2022-05-01T20:38:00.000Z,159.8,0,0,0.45,,no_action,true,,rising,
2022-05-01T20:39:00.000Z,160.44,0,0,0.45,,no_action,true,,rising,
2022-05-01T20:40:00.000Z,161.05,0,0,0.45,,no_action,true,,stable,
2022-05-01T20:41:00.000Z,161.63,0,0,0.45,,no_action,true,,stable,
2022-05-01T20:42:00.000Z,162.19,0,0,0.45,,no_action,true,,stable,
2022-05-01T20:43:00.000Z,162.73,0,0,0.45,,no_action,true,,stable,
2022-05-01T20:44:00.000Z,163.24,0,0,0.45,,no_action,true,,stable,
2022-05-01T20:45:00.000Z,163.73,0,0,0.45,,no_action,true,,stable,
2022-05-01T20:46:00.000Z,164.19,0,0,0.45,,no_action,true,,stable,
2022-05-01T20:47:00.000Z,164.63,0,0,0.45,,no_action,true,,stable,
2022-05-01T20:48:00.000Z,165.05,0,0,0.45,,no_action,true,,stable,
2022-05-01T20:49:00.000Z,165.45,0,0,0.45,,no_action,true,,stable,
2022-05-01T20:50:00.000Z,165.82,0,0,0.45,,no_action,true,,stable,
2022-05-01T20:51:00.000Z,166.17,0,0,0.45,,no_action,true,,stable,
2022-05-01T20:52:00.000Z,166.5,0,0,0.45,,no_action,true,,stable,
2022-05-01T20:53:00.000Z,166.81,0,0,0.45,,no_action,true,,stable,
2022-05-01T20:54:00.000Z,167.1,0,0,0.45,,no_action,true,,stable,
2022-05-01T20:55:00.000Z,167.37,0,0,0.45,,no_action,true,,stable,
2022-05-01T20:56:00.000Z,167.61,0,0,0.45,,no_action,true,,stable,
2022-05-01T20:57:00.000Z,167.84,0,0,0.45,,no_action,true,,stable,
2022-05-01T20:58:00.000Z,168.04,0,0,0.45,,no_action,true,,stable,
2022-05-01T20:59:00.000Z,168.23,0,0,0.45,,no_action,true,,stable,
2022-05-01T21:00:00.000Z,168.39,0,0,0.45,,no_action,true,,stable,
2022-05-01T21:01:00.000Z,168.54,0,0,0.45,,no_action,true,,stable,
2022-05-01T21:02:00.000Z,168.67,0,0,0.45,,no_action,true,,stable,
2022-05-01T21:03:00.000Z,168.78,0,0,0.45,,no_action,true,,stable,
2022-05-01T21:04:00.000Z,168.88,0,0,0.45,,no_action,true,,stable,
2022-05-01T21:05:00.000Z,168.95,0,0,0.45,,no_action,true,,stable,
2022-05-01T21:06:00.000Z,169.01,0,0,0.45,,no_action,true,,stable,
2022-05-01T21:07:00.000Z,169.05,0,0,0.45,,no_action,true,,stable,
2022-05-01T21:08:00.000Z,169.08,0,0,0.45,,no_action,true,,stable,
2022-05-01T21:09:00.000Z,169.09,0,0,0.45,,no_action,true,,stable,
2022-05-01T21:10:00.000Z,169.08,0,0,0.45,,no_action,true,,stable,
2022-05-01T21:11:00.000Z,169.06,0,0,0.45,,no_action,true,,stable,
2022-05-01T21:12:00.000Z,169.02,0,0,0.45,,no_action,true,,stable,
2022-05-01T21:13:00.000Z,168.97,0,0,0.45,,no_action,true,,stable,
2022-05-01T21:14:00.000Z,168.9,0,0,0.45,,no_action,true,,stable,
2022-05-01T21:15:00.000Z,168.82,0,0,0.45,,no_action,true,,stable,
2022-05-01T21:16:00.000Z,168.73,0,0,0.45,,no_action,true,,stable,
2022-05-01T21:17:00.000Z,168.62,0,0,0.45,,no_action,true,,stable,
2022-05-01T21:18:00.000Z,168.5,0,0,0.45,,no_action,true,,stable,
2022-05-01T21:19:00.000Z,168.37,0,0,0.45,,no_action,true,,stable,
2022-05-01T21:20:00.000Z,168.23,0,0,0.45,,no_action,true,,stable,
2022-05-01T21:21:00.000Z,168.07,0,0,0.45,,no_action,true,,stable,
2022-05-01T21:22:00.000Z,167.9,0,0,0.45,,no_action,true,,stable,
2022-05-01T21:23:00.000Z,167.72,0,0,0.45,,no_action,true,,stable,
2022-05-01T21:24:00.000Z,167.53,0,0,0.45,,no_action,true,,stable,
2022-05-01T21:25:00.000Z,167.33,0,0,0.45,,no_action,true,,stable,
2022-05-01T21:26:00.000Z,167.12,0,0,0.45,,no_action,true,,stable,
2022-05-01T21:27:00.000Z,166.89,0,0,0.45,,no_action,true,,stable,
2022-05-01T21:28:00.000Z,166.66,0,0,0.45,,no_action,true,,stable,
2022-05-01T21:29:00.000Z,166.42,0,0,0.45,,no_action,true,,stable,
2022-05-01T21:30:00.000Z,166.17,0,0,0.45,,no_action,true,,stable,
2022-05-01T21:31:00.000Z,165.91,0,0,0.45,,no_action,true,,stable,
2022-05-01T21:32:00.000Z,165.64,0,0,0.45,,no_action,true,,stable,
2022-05-01T21:33:00.000Z,165.36,0,0,0.45,,no_action,true,,stable,
2022-05-01T21:34:00.000Z,165.08,0,0,0.45,,no_action,true,,stable,
2022-05-01T21:35:00.000Z,164.78,0,0,0.45,,no_action,true,,stable,
2022-05-01T21:36:00.000Z,164.48,0,0,0.45,,no_action,true,,stable,
2022-05-01T21:37:00.000Z,164.17,0,0,0.45,,no_action,true,,stable,
2022-05-01T21:38:00.000Z,163.86,0,0,0.45,,no_action,true,,stable,
2022-05-01T21:39:00.000Z,163.54,0,0,0.45,,no_action,true,,stable,
2022-05-01T21:40:00.000Z,163.21,0,0,0.45,,no_action,true,,stable,
2022-05-01T21:41:00.000Z,162.87,0,0,0.45,,no_action,true,,stable,
2022-05-01T21:42:00.000Z,162.53,0,0,0.45,,no_action,true,,stable,
2022-05-01T21:43:00.000Z,162.18,0,0,0.45,,no_action,true,,stable,
2022-05-01T21:44:00.000Z,161.83,0,0,0.45,,no_action,true,,stable,
2022-05-01T21:45:00.000Z,161.47,0,0,0.45,,no_action,true,,stable,
2022-05-01T21:46:00.000Z,161.11,0,0,0.45,,no_action,true,,stable,
2022-05-01T21:47:00.000Z,160.74,0,0,0.45,,no_action,true,,stable,
2022-05-01T21:48:00.000Z,160.37,0,0,0.45,,no_action,true,,stable,
2022-05-01T21:49:00.000Z,159.99,0,0,0.45,,no_action,true,,stable,
2022-05-01T21:50:00.000Z,159.6,0,0,0.45,,no_action,true,,stable,
2022-05-01T21:51:00.000Z,159.22,0,0,0.45,,no_action,true,,stable,
2022-05-01T21:52:00.000Z,158.82,0,0,0.45,,no_action,true,,stable,
2022-05-01T21:53:00.000Z,158.43,0,0,0.45,,no_action,true,,stable,
2022-05-01T21:54:00.000Z,158.03,0,0,0.45,,no_action,true,,stable,
2022-05-01T21:55:00.000Z,157.63,0,0,0.45,,no_action,true,,stable,
2022-05-01T21:56:00.000Z,157.22,0,0,0.45,,no_action,true,,stable,
2022-05-01T21:57:00.000Z,156.81,0,0,0.45,,no_action,true,,stable,
2022-05-01T21:58:00.000Z,156.4,0,0,0.45,,no_action,true,,stable,
2022-05-01T21:59:00.000Z,155.99,0,0,0.45,,no_action,true,,stable,
2022-05-01T22:00:00.000Z,155.57,0,0,0.45,,no_action,true,,stable,
2022-05-01T22:01:00.000Z,155.15,0,0,0.45,,no_action,true,,stable,
2022-05-01T22:02:00.000Z,154.73,0,0,0.45,,no_action,true,,stable,
2022-05-01T22:03:00.000Z,154.3,0,0,0.45,,no_action,true,,stable,
2022-05-01T22:04:00.000Z,153.88,0,0,0.45,,no_action,true,,stable,
2022-05-01T22:05:00.000Z,153.45,0,0,0.45,,no_action,true,,stable,
2022-05-01T22:06:00.000Z,153.02,0,0,0.45,,no_action,true,,stable,
2022-05-01T22:07:00.000Z,152.58,0,0,0.45,,no_action,true,,stable,
2022-05-01T22:08:00.000Z,152.15,0,0,0.45,,no_action,true,,stable,
2022-05-01T22:09:00.000Z,151.71,0,0,0.45,,no_action,true,,stable,
2022-05-01T22:10:00.000Z,151.28,0,0,0.45,,no_action,true,,stable,
2022-05-01T22:11:00.000Z,150.84,0,0,0.45,,no_action,true,,stable,
2022-05-01T22:12:00.000Z,150.4,0,0,0.45,,no_action,true,,stable,
2022-05-01T22:13:00.000Z,149.96,0,0,0.45,,no_action,true,,stable,
2022-05-01T22:14:00.000Z,149.52,0,0,0.45,,no_action,true,,stable,
2022-05-01T22:15:00.000Z,149.08,0,0,0.45,,no_action,true,,stable,
2022-05-01T22:16:00.000Z,148.64,0,0,0.45,,no_action,true,,stable,
2022-05-01T22:17:00.000Z,148.2,0,0,0.45,,no_action,true,,stable,
2022-05-01T22:18:00.000Z,147.75,0,0,0.45,,no_action,true,,stable,
2022-05-01T22:19:00.000Z,147.31,0,0,0.45,,no_action,true,,stable,
2022-05-01T22:20:00.000Z,146.87,0,0,0.45,,no_action,true,,stable,
2022-05-01T22:21:00.000Z,146.42,0,0,0.45,,no_action,true,,stable,
2022-05-01T22:22:00.000Z,145.98,0,0,0.45,,no_action,true,,stable,
2022-05-01T22:23:00.000Z,145.53,0,0,0.45,,no_action,true,,stable,
2022-05-01T22:24:00.000Z,145.09,0,0,0.45,,no_action,true,,stable,
2022-05-01T22:25:00.000Z,144.65,0,0,0.45,,no_action,true,,stable,
2022-05-01T22:26:00.000Z,144.21,0,0,0.45,,no_action,true,,stable,
2022-05-01T22:27:00.000Z,143.76,0,0,0.45,,no_action,true,,stable,
2022-05-01T22:28:00.000Z,143.32,0,0,0.45,,no_action,true,,stable,
2022-05-01T22:29:00.000Z,142.88,0,0,0.45,,no_action,true,,stable,
2022-05-01T22:30:00.000Z,142.44,0,0,0.45,,no_action,true,,stable,
2022-05-01T22:31:00.000Z,142,0,0,0.45,,no_action,true,,stable,
2022-05-01T22:32:00.000Z,141.56,0,0,0.45,,no_action,true,,stable,
2022-05-01T22:33:00.000Z,141.12,0,0,0.45,,no_action,true,,stable,
2022-05-01T22:34:00.000Z,140.68,0,0,0.45,,no_action,true,,stable,
2022-05-01T22:35:00.000Z,140.24,0,0,0.45,,no_action,true,,stable,
2022-05-01T22:36:00.000Z,139.81,0,0,0.45,,no_action,true,,stable,
2022-05-01T22:37:00.000Z,139.37,0,0,0.45,,no_action,true,,stable,
2022-05-01T22:38:00.000Z,138.94,0,0,0.45,,no_action,true,,stable,
2022-05-01T22:39:00.000Z,138.5,0,0,0.45,,no_action,true,,stable,
2022-05-01T22:40:00.000Z,138.07,0,0,0.45,,no_action,true,,stable,
2022-05-01T22:41:00.000Z,137.64,0,0,0.45,,no_action,true,,stable,
2022-05-01T22:42:00.000Z,137.21,0,0,0.45,,no_action,true,,stable,
2022-05-01T22:43:00.000Z,136.78,0,0,0.45,,no_action,true,,stable,
2022-05-01T22:44:00.000Z,136.36,0,0,0.45,,no_action,true,,stable,
2022-05-01T22:45:00.000Z,135.93,0,0,0.45,,no_action,true,,stable,
2022-05-01T22:46:00.000Z,135.51,0,0,0.45,,no_action,true,,stable,
2022-05-01T22:47:00.000Z,135.09,0,0,0.45,,no_action,true,,stable,
2022-05-01T22:48:00.000Z,134.66,0,0,0.45,,no_action,true,,stable,
2022-05-01T22:49:00.000Z,134.24,0,0,0.45,,no_action,true,,stable,
2022-05-01T22:50:00.000Z,133.83,0,0,0.45,,no_action,true,,stable,
2022-05-01T22:51:00.000Z,133.41,0,0,0.45,,no_action,true,,stable,
2022-05-01T22:52:00.000Z,133,0,0,0.45,,no_action,true,,stable,
2022-05-01T22:53:00.000Z,132.58,0,0,0.45,,no_action,true,,stable,
2022-05-01T22:54:00.000Z,132.17,0,0,0.45,,no_action,true,,stable,
2022-05-01T22:55:00.000Z,131.76,0,0,0.45,,no_action,true,,stable,
2022-05-01T22:56:00.000Z,131.36,0,0,0.45,,no_action,true,,stable,
2022-05-01T22:57:00.000Z,130.95,0,0,0.45,,no_action,true,,stable,
2022-05-01T22:58:00.000Z,130.55,0,0,0.45,,no_action,true,,stable,
2022-05-01T22:59:00.000Z,130.15,0,0,0.45,,no_action,true,,stable,
2022-05-01T23:00:00.000Z,129.75,0,0,0.45,,no_action,true,,stable,
2022-05-01T23:01:00.000Z,129.35,0,0,0.45,,no_action,true,,stable,
2022-05-01T23:02:00.000Z,128.95,0,0,0.45,,no_action,true,,stable,
2022-05-01T23:03:00.000Z,128.56,0,0,0.45,,no_action,true,,stable,
2022-05-01T23:04:00.000Z,128.17,0,0,0.45,,no_action,true,,stable,
2022-05-01T23:05:00.000Z,127.77,0,0,0.45,,no_action,true,,stable,
2022-05-01T23:06:00.000Z,127.39,0,0,0.45,,no_action,true,,stable,
2022-05-01T23:07:00.000Z,127,0,0,0.45,,no_action,true,,stable,
2022-05-01T23:08:00.000Z,126.62,0,0,0.45,,no_action,true,,stable,
2022-05-01T23:09:00.000Z,126.23,0,0,0.45,,no_action,true,,stable,
2022-05-01T23:10:00.000Z,125.86,0,0,0.45,,no_action,true,,stable,
2022-05-01T23:11:00.000Z,125.48,0,0,0.45,,no_action,true,,stable,
2022-05-01T23:12:00.000Z,125.1,0,0,0.45,,no_action,true,,stable,
2022-05-01T23:13:00.000Z,124.73,0,0,0.45,,no_action,true,,stable,
2022-05-01T23:14:00.000Z,124.36,0,0,0.45,,no_action,true,,stable,
2022-05-01T23:15:00.000Z,123.99,0,0,0.45,,no_action,true,,stable,
2022-05-01T23:16:00.000Z,123.62,0,0,0.45,,no_action,true,,stable,
2022-05-01T23:17:00.000Z,123.26,0,0,0.45,,no_action,true,,stable,
2022-05-01T23:18:00.000Z,122.89,0,0,0.45,,no_action,true,,stable,
2022-05-01T23:19:00.000Z,122.53,0,0,0.45,,no_action,true,,stable,
2022-05-01T23:20:00.000Z,122.17,0,0,0.45,,no_action,true,,stable,
2022-05-01T23:21:00.000Z,121.82,0,0,0.45,,no_action,true,,stable,
2022-05-01T23:22:00.000Z,121.47,0,0,0.45,,no_action,true,,stable,
2022-05-01T23:23:00.000Z,121.11,0,0,0.45,,no_action,true,,stable,
2022-05-01T23:24:00.000Z,120.76,0,0,0.45,,no_action,true,,stable,
2022-05-01T23:25:00.000Z,120.42,0,0,0.45,,no_action,true,,stable,
2022-05-01T23:26:00.000Z,120.07,0,0,0.45,,no_action,true,,stable,
2022-05-01T23:27:00.000Z,119.73,0,0,0.45,,no_action,true,,stable,
2022-05-01T23:28:00.000Z,119.39,0,0,0.45,,no_action,true,,stable,
2022-05-01T23:29:00.000Z,119.05,0,0,0.45,,no_action,true,,stable,
2022-05-01T23:30:00.000Z,118.72,0,0,0.45,,no_action,true,,stable,
2022-05-01T23:31:00.000Z,118.38,0,0,0.45,,no_action,true,,stable,
2022-05-01T23:32:00.000Z,118.05,0,0,0.45,,no_action,true,,stable,
2022-05-01T23:33:00.000Z,117.72,0,0,0.45,,no_action,true,,stable,
2022-05-01T23:34:00.000Z,117.4,0,0,0.45,,no_action,true,,stable,
2022-05-01T23:35:00.000Z,117.07,0,0,0.45,,no_action,true,,stable,
2022-05-01T23:36:00.000Z,116.75,0,0,0.45,,no_action,true,,stable,
2022-05-01T23:37:00.000Z,116.43,0,0,0.45,,no_action,true,,stable,
2022-05-01T23:38:00.000Z,116.11,0,0,0.45,,no_action,true,,stable,
2022-05-01T23:39:00.000Z,115.8,0,0,0.45,,no_action,true,,stable,
2022-05-01T23:40:00.000Z,115.48,0,0,0.45,,no_action,true,,stable,
2022-05-01T23:41:00.000Z,115.17,0,0,0.45,,no_action,true,,stable,
2022-05-01T23:42:00.000Z,114.86,0,0,0.45,,no_action,true,,stable,
2022-05-01T23:43:00.000Z,114.56,0,0,0.45,,no_action,true,,stable,
2022-05-01T23:44:00.000Z,114.25,0,0,0.45,,no_action,true,,stable,
2022-05-01T23:45:00.000Z,113.95,0,0,0.45,,no_action,true,,stable,
2022-05-01T23:46:00.000Z,113.65,0,0,0.45,,no_action,true,,stable,
2022-05-01T23:47:00.000Z,113.35,0,0,0.45,,no_action,true,,stable,
2022-05-01T23:48:00.000Z,113.06,0,0,0.45,,no_action,true,,stable,
2022-05-01T23:49:00.000Z,112.77,0,0,0.45,,no_action,true,,stable,
2022-05-01T23:50:00.000Z,112.48,0,0,0.45,,no_action,true,,stable,
2022-05-01T23:51:00.000Z,112.19,0,0,0.45,,no_action,true,,stable,
2022-05-01T23:52:00.000Z,111.9,0,0,0.45,,no_action,true,,stable,
2022-05-01T23:53:00.000Z,111.62,0,0,0.45,,no_action,true,,stable,
2022-05-01T23:54:00.000Z,111.34,0,0,0.45,,no_action,true,,stable,
2022-05-01T23:55:00.000Z,111.06,0,0,0.45,,no_action,true,,stable,
2022-05-01T23:56:00.000Z,110.78,0,0,0.45,,no_action,true,,stable,
2022-05-01T23:57:00.000Z,110.51,0,0,0.45,,no_action,true,,stable,
2022-05-01T23:58:00.000Z,110.23,0,0,0.45,,no_action,true,,stable,
2022-05-01T23:59:00.000Z,109.96,0,0,0.45,,no_action,true,,stable,
2022-05-02T00:00:00.000Z,109.69,0,0,0.45,,no_action,true,,stable,
2022-05-02T00:01:00.000Z,109.43,0,0,0.45,,no_action,true,,stable,
2022-05-02T00:02:00.000Z,109.16,0,0,0.45,,no_action,true,,stable,
2022-05-02T00:03:00.000Z,108.9,0,0,0.45,,no_action,true,,stable,
2022-05-02T00:04:00.000Z,108.64,0,0,0.45,,no_action,true,,stable,
2022-05-02T00:05:00.000Z,108.39,0,0,0.45,,no_action,true,,stable,
2022-05-02T00:06:00.000Z,108.13,0,0,0.45,,no_action,true,,stable,
2022-05-02T00:07:00.000Z,107.88,0,0,0.45,,no_action,true,,stable,
2022-05-02T00:08:00.000Z,107.63,0,0,0.45,,no_action,true,,stable,
2022-05-02T00:09:00.000Z,107.38,0,0,0.45,,no_action,true,,stable,
2022-05-02T00:10:00.000Z,107.13,0,0,0.45,,no_action,true,,stable,
2022-05-02T00:11:00.000Z,106.89,0,0,0.45,,no_action,true,,stable,
2022-05-02T00:12:00.000Z,106.64,0,0,0.45,,no_action,true,,stable,
2022-05-02T00:13:00.000Z,106.4,0,0,0.45,,no_action,true,,stable,
2022-05-02T00:14:00.000Z,106.16,0,0,0.45,,no_action,true,,stable,
2022-05-02T00:15:00.000Z,105.93,0,0,0.45,,no_action,true,,stable,
2022-05-02T00:16:00.000Z,105.69,0,0,0.45,,no_action,true,,stable,
2022-05-02T00:17:00.000Z,105.46,0,0,0.45,,no_action,true,,stable,
2022-05-02T00:18:00.000Z,105.23,0,0,0.45,,no_action,true,,stable,
2022-05-02T00:19:00.000Z,105,0,0,0.45,,no_action,true,,stable,
2022-05-02T00:20:00.000Z,104.78,0,0,0.45,,no_action,true,,stable,
2022-05-02T00:21:00.000Z,104.55,0,0,0.45,,no_action,true,,stable,
2022-05-02T00:22:00.000Z,104.33,0,0,0.45,,no_action,true,,stable,
2022-05-02T00:23:00.000Z,104.11,0,0,0.45,,no_action,true,,stable,
2022-05-02T00:24:00.000Z,103.9,0,0,0.45,,no_action,true,,stable,
2022-05-02T00:25:00.000Z,103.68,0,0,0.45,,no_action,true,,stable,
2022-05-02T00:26:00.000Z,103.47,0,0,0.45,,no_action,true,,stable,
2022-05-02T00:27:00.000Z,103.25,0,0,0.45,,no_action,true,,stable,
2022-05-02T00:28:00.000Z,103.04,0,0,0.45,,no_action,true,,stable,
2022-05-02T00:29:00.000Z,102.84,0,0,0.45,,no_action,true,,stable,
2022-05-02T00:30:00.000Z,102.63,0,0,0.45,,no_action,true,,stable,
2022-05-02T00:31:00.000Z,102.43,0,0,0.45,,no_action,true,,stable,
2022-05-02T00:32:00.000Z,102.22,0,0,0.45,,no_action,true,,stable,
2022-05-02T00:33:00.000Z,102.02,0,0,0.45,,no_action,true,,stable,
2022-05-02T00:34:00.000Z,101.83,0,0,0.45,,no_action,true,,stable,
2022-05-02T00:35:00.000Z,101.63,0,0,0.45,,no_action,true,,stable,
2022-05-02T00:36:00.000Z,101.44,0,0,0.45,,no_action,true,,stable,
2022-05-02T00:37:00.000Z,101.24,0,0,0.45,,no_action,true,,stable,
2022-05-02T00:38:00.000Z,101.05,0,0,0.45,,no_action,true,,stable,
2022-05-02T00:39:00.000Z,100.86,0,0,0.45,,no_action,true,,stable,
2022-05-02T00:40:00.000Z,100.68,0,0,0.45,,no_action,true,,stable,
2022-05-02T00:41:00.000Z,100.49,0,0,0.45,,no_action,true,,stable,
2022-05-02T00:42:00.000Z,100.31,0,0,0.45,,no_action,true,,stable,
2022-05-02T00:43:00.000Z,100.13,0,0,0.45,,no_action,true,,stable,
2022-05-02T00:44:00.000Z,99.95,0,0,0.45,,no_action,true,,stable,
2022-05-02T00:45:00.000Z,99.77,0,0,0.45,,no_action,true,,stable,
2022-05-02T00:46:00.000Z,99.59,0,0,0.45,,no_action,true,,stable,
2022-05-02T00:47:00.000Z,99.42,0,0,0.45,,no_action,true,,stable,
2022-05-02T00:48:00.000Z,99.25,0,0,0.45,,no_action,true,,stable,
2022-05-02T00:49:00.000Z,99.08,0,0,0.45,,no_action,true,,stable,
2022-05-02T00:50:00.000Z,98.91,0,0,0.45,,no_action,true,,stable,
2022-05-02T00:51:00.000Z,98.74,0,0,0.45,,no_action,true,,stable,
2022-05-02T00:52:00.000Z,98.57,0,0,0.45,,no_action,true,,stable,
2022-05-02T00:53:00.000Z,98.41,0,0,0.45,,no_action,true,,stable,
2022-05-02T00:54:00.000Z,98.25,0,0,0.45,,no_action,true,,stable,
2022-05-02T00:55:00.000Z,98.09,0,0,0.45,,no_action,true,,stable,
2022-05-02T00:56:00.000Z,97.93,0,0,0.45,,no_action,true,,stable,
2022-05-02T00:57:00.000Z,97.77,0,0,0.45,,no_action,true,,stable,
2022-05-02T00:58:00.000Z,97.62,0,0,0.45,,no_action,true,,stable,
2022-05-02T00:59:00.000Z,97.47,0,0,0.45,,no_action,true,,stable,
2022-05-02T01:00:00.000Z,97.31,0,0,0.45,,no_action,true,,stable,
2022-05-02T01:01:00.000Z,97.16,0,0,0.45,,no_action,true,,stable,
2022-05-02T01:02:00.000Z,97.01,0,0,0.45,,no_action,true,,stable,
2022-05-02T01:03:00.000Z,96.87,0,0,0.45,,no_action,true,,stable,
2022-05-02T01:04:00.000Z,96.72,0,0,0.45,,no_action,true,,stable,
2022-05-02T01:05:00.000Z,96.58,0,0,0.45,,no_action,true,,stable,
2022-05-02T01:06:00.000Z,96.44,0,0,0.45,,no_action,true,,stable,
2022-05-02T01:07:00.000Z,96.3,0,0,0.45,,no_action,true,,stable,
2022-05-02T01:08:00.000Z,96.16,0,0,0.45,,no_action,true,,stable,
2022-05-02T01:09:00.000Z,96.02,0,0,0.45,,no_action,true,,stable,
2022-05-02T01:10:00.000Z,95.88,0,0,0.45,,no_action,true,,stable,
2022-05-02T01:11:00.000Z,95.75,0,0,0.45,,no_action,true,,stable,
2022-05-02T01:12:00.000Z,95.62,0,0,0.45,,no_action,true,,stable,
2022-05-02T01:13:00.000Z,95.49,0,0,0.45,,no_action,true,,stable,
2022-05-02T01:14:00.000Z,95.36,0,0,0.45,,no_action,true,,stable,
2022-05-02T01:15:00.000Z,95.23,0,0,0.45,,no_action,true,,stable,
2022-05-02T01:16:00.000Z,95.1,0,0,0.45,,no_action,true,,stable,
2022-05-02T01:17:00.000Z,94.98,0,0,0.45,,no_action,true,,stable,
2022-05-02T01:18:00.000Z,94.85,0,0,0.45,,no_action,true,,stable,
2022-05-02T01:19:00.000Z,94.73,0,0,0.45,,no_action,true,,stable,
2022-05-02T01:20:00.000Z,94.61,0,0,0.45,,no_action,true,,stable,
2022-05-02T01:21:00.000Z,94.49,0,0,0.45,,no_action,true,,stable,
2022-05-02T01:22:00.000Z,94.37,0,0,0.45,,no_action,true,,stable,
2022-05-02T01:23:00.000Z,94.26,0,0,0.45,,no_action,true,,stable,
2022-05-02T01:24:00.000Z,94.14,0,0,0.45,,no_action,true,,stable,
2022-05-02T01:25:00.000Z,94.03,0,0,0.45,,no_action,true,,stable,
2022-05-02T01:26:00.000Z,93.92,0,0,0.45,,no_action,true,,stable,
2022-05-02T01:27:00.000Z,93.8,0,0,0.45,,no_action,true,,stable,
2022-05-02T01:28:00.000Z,93.7,0,0,0.45,,no_action,true,,stable,
2022-05-02T01:29:00.000Z,93.59,0,0,0.45,,no_action,true,,stable,
2022-05-02T01:30:00.000Z,93.48,0,0,0.45,,no_action,true,,stable,
2022-05-02T01:31:00.000Z,93.37,0,0,0.45,,no_action,true,,stable,
2022-05-02T01:32:00.000Z,93.27,0,0,0.45,,no_action,true,,stable,
2022-05-02T01:33:00.000Z,93.17,0,0,0.45,,no_action,true,,stable,
2022-05-02T01:34:00.000Z,93.07,0,0,0.45,,no_action,true,,stable,
2022-05-02T01:35:00.000Z,92.97,0,0,0.45,,no_action,true,,stable,
2022-05-02T01:36:00.000Z,92.87,0,0,0.45,,no_action,true,,stable,
2022-05-02T01:37:00.000Z,92.77,0,0,0.45,,no_action,true,,stable,
2022-05-02T01:38:00.000Z,92.67,0,0,0.45,,no_action,true,,stable,
2022-05-02T01:39:00.000Z,92.58,0,0,0.45,,no_action,true,,stable,
2022-05-02T01:40:00.000Z,92.49,0,0,0.45,,no_action,true,,stable,
2022-05-02T01:41:00.000Z,92.39,0,0,0.45,,no_action,true,,stable,
2022-05-02T01:42:00.000Z,92.3,0,0,0.45,,no_action,true,,stable,
2022-05-02T01:43:00.000Z,92.21,0,0,0.45,,no_action,true,,stable,
2022-05-02T01:44:00.000Z,92.12,0,0,0.45,,no_action,true,,stable,
2022-05-02T01:45:00.000Z,92.04,0,0,0.45,,no_action,true,,stable,
2022-05-02T01:46:00.000Z,91.95,0,0,0.45,,no_action,true,,stable,
2022-05-02T01:47:00.000Z,91.87,0,0,0.45,,no_action,true,,stable,
2022-05-02T01:48:00.000Z,91.78,0,0,0.45,,no_action,true,,stable,
2022-05-02T01:49:00.000Z,91.7,0,0,0.45,,no_action,true,,stable,
2022-05-02T01:50:00.000Z,91.62,0,0,0.45,,no_action,true,,stable,
2022-05-02T01:51:00.000Z,91.54,0,0,0.45,,no_action,true,,stable,
2022-05-02T01:52:00.000Z,91.46,0,0,0.45,,no_action,true,,stable,
2022-05-02T01:53:00.000Z,91.38,0,0,0.45,,no_action,true,,stable,
2022-05-02T01:54:00.000Z,91.3,0,0,0.45,,no_action,true,,stable,
2022-05-02T01:55:00.000Z,91.23,0,0,0.45,,no_action,true,,stable,
2022-05-02T01:56:00.000Z,91.15,0,0,0.45,,no_action,true,,stable,
2022-05-02T01:57:00.000Z,91.08,0,0,0.45,,no_action,true,,stable,
2022-05-02T01:58:00.000Z,91.01,0,0,0.45,,no_action,true,,stable,
2022-05-02T01:59:00.000Z,90.94,0,0,0.45,,no_action,true,,stable,
2022-05-02T02:00:00.000Z,90.87,0,0,0.45,,no_action,true,,stable,
2022-05-02T02:01:00.000Z,90.8,0,0,0.45,,no_action,true,,stable,
2022-05-02T02:02:00.000Z,90.73,0,0,0.45,,no_action,true,,stable,
2022-05-02T02:03:00.000Z,90.66,0,0,0.45,,no_action,true,,stable,
2022-05-02T02:04:00.000Z,90.6,0,0,0.45,,no_action,true,,stable,
2022-05-02T02:05:00.000Z,90.53,0,0,0.45,,no_action,true,,stable,
2022-05-02T02:06:00.000Z,90.47,0,0,0.45,,no_action,true,,stable,
2022-05-02T02:07:00.000Z,90.41,0,0,0.45,,no_action,true,,stable,
2022-05-02T02:08:00.000Z,90.34,0,0,0.45,,no_action,true,,stable,
2022-05-02T02:09:00.000Z,90.28,0,0,0.45,,no_action,true,,stable,
2022-05-02T02:10:00.000Z,90.22,0,0,0.45,,no_action,true,,stable,
2022-05-02T02:11:00.000Z,90.16,0,0,0.45,,no_action,true,,stable,
2022-05-02T02:12:00.000Z,90.11,0,0,0.45,,no_action,true,,stable,
2022-05-02T02:13:00.000Z,90.05,0,0,0.45,,no_action,true,,stable,
2022-05-02T02:14:00.000Z,89.99,0,0,0.45,,no_action,true,,stable,
2022-05-02T02:15:00.000Z,89.94,0,0,0.45,,no_action,true,,stable,
2022-05-02T02:16:00.000Z,89.89,0,0,0.45,,no_action,true,,stable,
2022-05-02T02:17:00.000Z,89.83,0,0,0.45,,no_action,true,,stable,
2022-05-02T02:18:00.000Z,89.78,0,0,0.45,,no_action,true,,stable,
2022-05-02T02:19:00.000Z,89.73,0,0,0.45,,no_action,true,,stable,
2022-05-02T02:20:00.000Z,89.68,0,0,0.45,,no_action,true,,stable,
2022-05-02T02:21:00.000Z,89.63,0,0,0.45,,no_action,true,,stable,
2022-05-02T02:22:00.000Z,89.58,0,0,0.45,,no_action,true,,stable,
2022-05-02T02:23:00.000Z,89.54,0,0,0.45,,no_action,true,,stable,
2022-05-02T02:24:00.000Z,89.49,0,0,0.45,,no_action,true,,stable,
2022-05-02T02:25:00.000Z,89.44,0,0,0.45,,no_action,true,,stable,
2022-05-02T02:26:00.000Z,89.4,0,0,0.45,,no_action,true,,stable,
2022-05-02T02:27:00.000Z,89.35,0,0,0.45,,no_action,true,,stable,
2022-05-02T02:28:00.000Z,89.31,0,0,0.45,,no_action,true,,stable,
2022-05-02T02:29:00.000Z,89.27,0,0,0.45,,no_action,true,,stable,
2022-05-02T02:30:00.000Z,89.23,0,0,0.45,,no_action,true,,stable,
2022-05-02T02:31:00.000Z,89.19,0,0,0.45,,no_action,true,,stable,
2022-05-02T02:32:00.000Z,89.15,0,0,0.45,,no_action,true,,stable,
2022-05-02T02:33:00.000Z,89.11,0,0,0.45,,no_action,true,,stable,
2022-05-02T02:34:00.000Z,89.07,0,0,0.45,,no_action,true,,stable,
2022-05-02T02:35:00.000Z,89.03,0,0,0.45,,no_action,true,,stable,
2022-05-02T02:36:00.000Z,89,0,0,0.45,,no_action,true,,stable,
2022-05-02T02:37:00.000Z,88.96,0,0,0.45,,no_action,true,,stable,
2022-05-02T02:38:00.000Z,88.93,0,0,0.45,,no_action,true,,stable,
2022-05-02T02:39:00.000Z,88.89,0,0,0.45,,no_action,true,,stable,
2022-05-02T02:40:00.000Z,88.86,0,0,0.45,,no_action,true,,stable,
2022-05-02T02:41:00.000Z,88.83,0,0,0.45,,no_action,true,,stable,
2022-05-02T02:42:00.000Z,88.8,0,0,0.45,,no_action,true,,stable,
2022-05-02T02:43:00.000Z,88.77,0,0,0.45,,no_action,true,,stable,
2022-05-02T02:44:00.000Z,88.74,0,0,0.45,,no_action,true,,stable,
2022-05-02T02:45:00.000Z,88.71,0,0,0.45,,no_action,true,,stable,
2022-05-02T02:46:00.000Z,88.68,0,0,0.45,,no_action,true,,stable,
2022-05-02T02:47:00.000Z,88.65,0,0,0.45,,no_action,true,,stable,
2022-05-02T02:48:00.000Z,88.62,0,0,0.45,,no_action,true,,stable,
2022-05-02T02:49:00.000Z,88.6,0,0,0.45,,no_action,true,,stable,
2022-05-02T02:50:00.000Z,88.57,0,0,0.45,,no_action,true,,stable,
2022-05-02T02:51:00.000Z,88.54,0,0,0.45,,no_action,true,,stable,
2022-05-02T02:52:00.000Z,88.52,0,0,0.45,,no_action,true,,stable,
2022-05-02T02:53:00.000Z,88.5,0,0,0.45,,no_action,true,,stable,
2022-05-02T02:54:00.000Z,88.47,0,0,0.45,,no_action,true,,stable,
2022-05-02T02:55:00.000Z,88.45,0,0,0.45,,no_action,true,,stable,
2022-05-02T02:56:00.000Z,88.43,0,0,0.45,,no_action,true,,stable,
2022-05-02T02:57:00.000Z,88.41,0,0,0.45,,no_action,true,,stable,
2022-05-02T02:58:00.000Z,88.39,0,0,0.45,,no_action,true,,stable,
2022-05-02T02:59:00.000Z,88.37,0,0,0.45,,no_action,true,,stable,
2022-05-02T03:00:00.000Z,88.35,0,0,0.45,,no_action,true,,stable,
2022-05-02T03:01:00.000Z,88.33,0,0,0.45,,no_action,true,,stable,
2022-05-02T03:02:00.000Z,88.31,0,0,0.45,,no_action,true,,stable,
2022-05-02T03:03:00.000Z,88.3,0,0,0.45,,no_action,true,,stable,
2022-05-02T03:04:00.000Z,88.28,0,0,0.45,,no_action,true,,stable,
2022-05-02T03:05:00.000Z,88.26,0,0,0.45,,no_action,true,,stable,
2022-05-02T03:06:00.000Z,88.25,0,0,0.45,,no_action,true,,stable,
2022-05-02T03:07:00.000Z,88.23,0,0,0.45,,no_action,true,,stable,
2022-05-02T03:08:00.000Z,88.22,0,0,0.45,,no_action,true,,stable,
2022-05-02T03:09:00.000Z,88.21,0,0,0.45,,no_action,true,,stable,
2022-05-02T03:10:00.000Z,88.19,0,0,0.45,,no_action,true,,stable,
2022-05-02T03:11:00.000Z,88.18,0,0,0.45,,no_action,true,,stable,
2022-05-02T03:12:00.000Z,88.17,0,0,0.45,,no_action,true,,stable,
2022-05-02T03:13:00.000Z,88.16,0,0,0.45,,no_action,true,,stable,
2022-05-02T03:14:00.000Z,88.15,0,0,0.45,,no_action,true,,stable,
2022-05-02T03:15:00.000Z,88.14,0,0,0.45,,no_action,true,,stable,
2022-05-02T03:16:00.000Z,88.13,0,0,0.45,,no_action,true,,stable,
2022-05-02T03:17:00.000Z,88.12,0,0,0.45,,no_action,true,,stable,
2022-05-02T03:18:00.000Z,88.11,0,0,0.45,,no_action,true,,stable,
2022-05-02T03:19:00.000Z,88.1,0,0,0.45,,no_action,true,,stable,
2022-05-02T03:20:00.000Z,88.09,0,0,0.45,,no_action,true,,stable,
2022-05-02T03:21:00.000Z,88.09,0,0,0.45,,no_action,true,,stable,
2022-05-02T03:22:00.000Z,88.08,0,0,0.45,,no_action,true,,stable,
2022-05-02T03:23:00.000Z,88.08,0,0,0.45,,no_action,true,,stable,
2022-05-02T03:24:00.000Z,88.07,0,0,0.45,,no_action,true,,stable,
2022-05-02T03:25:00.000Z,88.07,0,0,0.45,,no_action,true,,stable,
2022-05-02T03:26:00.000Z,88.06,0,0,0.45,,no_action,true,,stable,
2022-05-02T03:27:00.000Z,88.06,0,0,0.45,,no_action,true,,stable,
2022-05-02T03:28:00.000Z,88.05,0,0,0.45,,no_action,true,,stable,
2022-05-02T03:29:00.000Z,88.05,0,0,0.45,,no_action,true,,stable,
2022-05-02T03:30:00.000Z,88.05,0,0,0.45,,no_action,true,,stable,
2022-05-02T03:31:00.000Z,88.05,0,0,0.45,,no_action,true,,stable,
2022-05-02T03:32:00.000Z,88.04,0,0,0.45,,no_action,true,,stable,
2022-05-02T03:33:00.000Z,88.04,0,0,0.45,,no_action,true,,stable,
2022-05-02T03:34:00.000Z,88.04,0,0,0.45,,no_action,true,,stable,
2022-05-02T03:35:00.000Z,88.04,0,0,0.45,,no_action,true,,stable,
2022-05-02T03:36:00.000Z,88.04,0,0,0.45,,no_action,true,,stable,
2022-05-02T03:37:00.000Z,88.04,0,0,0.45,,no_action,true,,stable,
2022-05-02T03:38:00.000Z,88.05,0,0,0.45,,no_action,true,,stable,
2022-05-02T03:39:00.000Z,88.05,0,0,0.45,,no_action,true,,stable,
2022-05-02T03:40:00.000Z,88.05,0,0,0.45,,no_action,true,,stable,
2022-05-02T03:41:00.000Z,88.05,0,0,0.45,,no_action,true,,stable,
2022-05-02T03:42:00.000Z,88.05,0,0,0.45,,no_action,true,,stable,
2022-05-02T03:43:00.000Z,88.06,0,0,0.45,,no_action,true,,stable,
2022-05-02T03:44:00.000Z,88.06,0,0,0.45,,no_action,true,,stable,
2022-05-02T03:45:00.000Z,88.07,0,0,0.45,,no_action,true,,stable,
2022-05-02T03:46:00.000Z,88.07,0,0,0.45,,no_action,true,,stable,
2022-05-02T03:47:00.000Z,88.07,0,0,0.45,,no_action,true,,stable,
2022-05-02T03:48:00.000Z,88.08,0,0,0.45,,no_action,true,,stable,
2022-05-02T03:49:00.000Z,88.09,0,0,0.45,,no_action,true,,stable,
2022-05-02T03:50:00.000Z,88.09,0,0,0.45,,no_action,true,,stable,
2022-05-02T03:51:00.000Z,88.1,0,0,0.45,,no_action,true,,stable,
2022-05-02T03:52:00.000Z,88.11,0,0,0.45,,no_action,true,,stable,
2022-05-02T03:53:00.000Z,88.11,0,0,0.45,,no_action,true,,stable,
2022-05-02T03:54:00.000Z,88.12,0,0,0.45,,no_action,true,,stable,
2022-05-02T03:55:00.000Z,88.13,0,0,0.45,,no_action,true,,stable,
2022-05-02T03:56:00.000Z,88.14,0,0,0.45,,no_action,true,,stable,
2022-05-02T03:57:00.000Z,88.14,0,0,0.45,,no_action,true,,stable,
2022-05-02T03:58:00.000Z,88.15,0,0,0.45,,no_action,true,,stable,
2022-05-02T03:59:00.000Z,88.16,0,0,0.45,,no_action,true,,stable,
2022-05-02T04:00:00.000Z,88.17,0,0,0.45,,no_action,true,,stable,
2022-05-02T04:01:00.000Z,88.18,0,0,0.45,,no_action,true,,stable,
2022-05-02T04:02:00.000Z,88.19,0,0,0.45,,no_action,true,,stable,
2022-05-02T04:03:00.000Z,88.2,0,0,0.45,,no_action,true,,stable,
2022-05-02T04:04:00.000Z,88.21,0,0,0.45,,no_action,true,,stable,
2022-05-02T04:05:00.000Z,88.23,0,0,0.45,,no_action,true,,stable,
2022-05-02T04:06:00.000Z,88.24,0,0,0.45,,no_action,true,,stable,
2022-05-02T04:07:00.000Z,88.25,0,0,0.45,,no_action,true,,stable,
2022-05-02T04:08:00.000Z,88.26,0,0,0.45,,no_action,true,,stable,
2022-05-02T04:09:00.000Z,88.27,0,0,0.45,,no_action,true,,stable,
2022-05-02T04:10:00.000Z,88.29,0,0,0.45,,no_action,true,,stable,
2022-05-02T04:11:00.000Z,88.3,0,0,0.45,,no_action,true,,stable,
2022-05-02T04:12:00.000Z,88.31,0,0,0.45,,no_action,true,,stable,
2022-05-02T04:13:00.000Z,88.33,0,0,0.45,,no_action,true,,stable,
2022-05-02T04:14:00.000Z,88.34,0,0,0.45,,no_action,true,,stable,
2022-05-02T04:15:00.000Z,88.35,0,0,0.45,,no_action,true,,stable,
2022-05-02T04:16:00.000Z,88.37,0,0,0.45,,no_action,true,,stable,
2022-05-02T04:17:00.000Z,88.38,0,0,0.45,,no_action,true,,stable,
2022-05-02T04:18:00.000Z,88.4,0,0,0.45,,no_action,true,,stable,
2022-05-02T04:19:00.000Z,88.41,0,0,0.45,,no_action,true,,stable,
2022-05-02T04:20:00.000Z,88.43,0,0,0.45,,no_action,true,,stable,
2022-05-02T04:21:00.000Z,88.45,0,0,0.45,,no_action,true,,stable,
2022-05-02T04:22:00.000Z,88.46,0,0,0.45,,no_action,true,,stable,
2022-05-02T04:23:00.000Z,88.48,0,0,0.45,,no_action,true,,stable,
2022-05-02T04:24:00.000Z,88.5,0,0,0.45,,no_action,true,,stable,
2022-05-02T04:25:00.000Z,88.51,0,0,0.45,,no_action,true,,stable,
2022-05-02T04:26:00.000Z,88.53,0,0,0.45,,no_action,true,,stable,
2022-05-02T04:27:00.000Z,88.55,0,0,0.45,,no_action,true,,stable,
2022-05-02T04:28:00.000Z,88.56,0,0,0.45,,no_action,true,,stable,
2022-05-02T04:29:00.000Z,88.58,0,0,0.45,,no_action,true,,stable,
2022-05-02T04:30:00.000Z,88.6,0,0,0.45,,no_action,true,,stable,
2022-05-02T04:31:00.000Z,88.62,0,0,0.45,,no_action,true,,stable,
2022-05-02T04:32:00.000Z,88.64,0,0,0.45,,no_action,true,,stable,
2022-05-02T04:33:00.000Z,88.66,0,0,0.45,,no_action,true,,stable,
2022-05-02T04:34:00.000Z,88.67,0,0,0.45,,no_action,true,,stable,
2022-05-02T04:35:00.000Z,88.69,0,0,0.45,,no_action,true,,stable,
2022-05-02T04:36:00.000Z,88.71,0,0,0.45,,no_action,true,,stable,
2022-05-02T04:37:00.000Z,88.73,0,0,0.45,,no_action,true,,stable,
2022-05-02T04:38:00.000Z,88.75,0,0,0.45,,no_action,true,,stable,
2022-05-02T04:39:00.000Z,88.77,0,0,0.45,,no_action,true,,stable,
2022-05-02T04:40:00.000Z,88.79,0,0,0.45,,no_action,true,,stable,
2022-05-02T04:41:00.000Z,88.81,0,0,0.45,,no_action,true,,stable,
2022-05-02T04:42:00.000Z,88.83,0,0,0.45,,no_action,true,,stable,
2022-05-02T04:43:00.000Z,88.85,0,0,0.45,,no_action,true,,stable,
2022-05-02T04:44:00.000Z,88.87,0,0,0.45,,no_action,true,,stable,
2022-05-02T04:45:00.000Z,88.9,0,0,0.45,,no_action,true,,stable,
2022-05-02T04:46:00.000Z,88.92,0,0,0.45,,no_action,true,,stable,
2022-05-02T04:47:00.000Z,88.94,0,0,0.45,,no_action,true,,stable,
2022-05-02T04:48:00.000Z,88.96,0,0,0.45,,no_action,true,,stable,
2022-05-02T04:49:00.000Z,88.98,0,0,0.45,,no_action,true,,stable,
2022-05-02T04:50:00.000Z,89,0,0,0.45,,no_action,true,,stable,
2022-05-02T04:51:00.000Z,89.03,0,0,0.45,,no_action,true,,stable,
2022-05-02T04:52:00.000Z,89.05,0,0,0.45,,no_action,true,,stable,
2022-05-02T04:53:00.000Z,89.07,0,0,0.45,,no_action,true,,stable,
2022-05-02T04:54:00.000Z,89.09,0,0,0.45,,no_action,true,,stable,
2022-05-02T04:55:00.000Z,89.12,0,0,0.45,,no_action,true,,stable,
2022-05-02T04:56:00.000Z,89.14,0,0,0.45,,no_action,true,,stable,
2022-05-02T04:57:00.000Z,89.16,0,0,0.45,,no_action,true,,stable,
2022-05-02T04:58:00.000Z,89.19,0,0,0.45,,no_action,true,,stable,
2022-05-02T04:59:00.000Z,89.21,0,0,0.45,,no_action,true,,stable,
2022-05-02T05:00:00.000Z,89.23,0,0,0.45,,no_action,true,,stable,
2022-05-02T05:01:00.000Z,89.26,0,0,0.45,,no_action,true,,stable,
2022-05-02T05:02:00.000Z,89.28,0,0,0.45,,no_action,true,,stable,
2022-05-02T05:03:00.000Z,89.31,0,0,0.45,,no_action,true,,stable,
2022-05-02T05:04:00.000Z,89.33,0,0,0.45,,no_action,true,,stable,
2022-05-02T05:05:00.000Z,89.35,0,0,0.45,,no_action,true,,stable,
2022-05-02T05:06:00.000Z,89.38,0,0,0.45,,no_action,true,,stable,
2022-05-02T05:07:00.000Z,89.4,0,0,0.45,,no_action,true,,stable,
2022-05-02T05:08:00.000Z,89.43,0,0,0.45,,no_action,true,,stable,
2022-05-02T05:09:00.000Z,89.45,0,0,0.45,,no_action,true,,stable,
2022-05-02T05:10:00.000Z,89.48,0,0,0.45,,no_action,true,,stable,
2022-05-02T05:11:00.000Z,89.5,0,0,0.45,,no_action,true,,stable,
2022-05-02T05:12:00.000Z,89.53,0,0,0.45,,no_action,true,,stable,
2022-05-02T05:13:00.000Z,89.55,0,0,0.45,,no_action,true,,stable,
2022-05-02T05:14:00.000Z,89.58,0,0,0.45,,no_action,true,,stable,
2022-05-02T05:15:00.000Z,89.6,0,0,0.45,,no_action,true,,stable,
2022-05-02T05:16:00.000Z,89.63,0,0,0.45,,no_action,true,,stable,
2022-05-02T05:17:00.000Z,89.65,0,0,0.45,,no_action,true,,stable,
2022-05-02T05:18:00.000Z,89.68,0,0,0.45,,no_action,true,,stable,
2022-05-02T05:19:00.000Z,89.71,0,0,0.45,,no_action,true,,stable,
2022-05-02T05:20:00.000Z,89.73,0,0,0.45,,no_action,true,,stable,
2022-05-02T05:21:00.000Z,89.76,0,0,0.45,,no_action,true,,stable,
2022-05-02T05:22:00.000Z,89.79,0,0,0.45,,no_action,true,,stable,
2022-05-02T05:23:00.000Z,89.81,0,0,0.45,,no_action,true,,stable,
2022-05-02T05:24:00.000Z,89.84,0,0,0.45,,no_action,true,,stable,
2022-05-02T05:25:00.000Z,89.86,0,0,0.45,,no_action,true,,stable,
2022-05-02T05:26:00.000Z,89.89,0,0,0.45,,no_action,true,,stable,
2022-05-02T05:27:00.000Z,89.92,0,0,0.45,,no_action,true,,stable,
2022-05-02T05:28:00.000Z,89.94,0,0,0.45,,no_action,true,,stable,
2022-05-02T05:29:00.000Z,89.97,0,0,0.45,,no_action,true,,stable,
2022-05-02T05:30:00.000Z,90,0,0,0.45,,no_action,true,,stable,
2022-05-02T05:31:00.000Z,90.03,0,0,0.45,,no_action,true,,stable,
2022-05-02T05:32:00.000Z,90.05,0,0,0.45,,no_action,true,,stable,
2022-05-02T05:33:00.000Z,90.08,0,0,0.45,,no_action,true,,stable,
2022-05-02T05:34:00.000Z,90.11,0,0,0.45,,no_action,true,,stable,
2022-05-02T05:35:00.000Z,90.13,0,0,0.45,,no_action,true,,stable,
2022-05-02T05:36:00.000Z,90.16,0,0,0.45,,no_action,true,,stable,
2022-05-02T05:37:00.000Z,90.19,0,0,0.45,,no_action,true,,stable,
2022-05-02T05:38:00.000Z,90.22,0,0,0.45,,no_action,true,,stable,
2022-05-02T05:39:00.000Z,90.24,0,0,0.45,,no_action,true,,stable,
2022-05-02T05:40:00.000Z,90.27,0,0,0.45,,no_action,true,,stable,
2022-05-02T05:41:00.000Z,90.3,0,0,0.45,,no_action,true,,stable,
2022-05-02T05:42:00.000Z,90.33,0,0,0.45,,no_action,true,,stable,
2022-05-02T05:43:00.000Z,90.36,0,0,0.45,,no_action,true,,stable,
2022-05-02T05:44:00.000Z,90.38,0,0,0.45,,no_action,true,,stable,
2022-05-02T05:45:00.000Z,90.41,0,0,0.45,,no_action,true,,stable,
2022-05-02T05:46:00.000Z,90.44,0,0,0.45,,no_action,true,,stable,
2022-05-02T05:47:00.000Z,90.47,0,0,0.45,,no_action,true,,stable,
2022-05-02T05:48:00.000Z,90.5,0,0,0.45,,no_action,true,,stable,
2022-05-02T05:49:00.000Z,90.52,0,0,0.45,,no_action,true,,stable,
2022-05-02T05:50:00.000Z,90.55,0,0,0.45,,no_action,true,,stable,
2022-05-02T05:51:00.000Z,90.58,0,0,0.45,,no_action,true,,stable,
2022-05-02T05:52:00.000Z,90.61,0,0,0.45,,no_action,true,,stable,
2022-05-02T05:53:00.000Z,90.64,0,0,0.45,,no_action,true,,stable,
2022-05-02T05:54:00.000Z,90.67,0,0,0.45,,no_action,true,,stable,
2022-05-02T05:55:00.000Z,90.7,0,0,0.45,,no_action,true,,stable,
2022-05-02T05:56:00.000Z,90.72,0,0,0.45,,no_action,true,,stable,
2022-05-02T05:57:00.000Z,90.75,0,0,0.45,,no_action,true,,stable,
2022-05-02T05:58:00.000Z,90.78,0,0,0.45,,no_action,true,,stable,
2022-05-02T05:59:00.000Z,90.81,0,0,0.45,,no_action,true,,stable,
2022-05-02T06:00:00.000Z,90.84,0,0,0.45,,no_action,true,,stable,
